"Time (s)","Magnetic Field x (µT)","Magnetic Field y (µT)","Magnetic Field z (µT)","Absolute field (µT)"
7.137125009E-3,9.056091309E-3,2.142666626E1,-4.627601624E1,5.099580167E1
1.709312503E-2,-3.408050537E-2,2.130907440E1,-4.636941528E1,5.103136768E1
2.704912500E-2,9.773254395E-3,2.127679062E1,-4.626870728E1,5.092637026E1
3.700612503E-2,4.383087158E-2,2.121155930E1,-4.620576477E1,5.084195971E1
4.696212499E-2,-6.807708740E-2,2.135066605E1,-4.642413330E1,5.109849047E1
5.691912503E-2,-7.208251953E-2,2.134613419E1,-4.638966370E1,5.106528702E1
6.687512505E-2,-1.242752075E-1,2.122515106E1,-4.643544006E1,5.105656251E1
7.683112501E-2,-1.759643555E-1,2.114915848E1,-4.633795166E1,5.093646662E1
8.678812505E-2,-8.285522461E-2,2.109120178E1,-4.641996765E1,5.098685178E1
9.674412501E-2,-1.015930176E-1,2.114302063E1,-4.636424255E1,5.095763564E1
1.067001250E-1,-4.121398926E-2,2.139634705E1,-4.653652954E1,5.121966368E1
1.166571250E-1,1.022186279E-1,2.124705887E1,-4.655567932E1,5.117498643E1
1.266131250E-1,3.250122070E-3,2.113908768E1,-4.658322144E1,5.115523001E1
1.365691250E-1,-2.859725952E-1,2.128093719E1,-4.636584473E1,5.101716991E1
1.465261250E-1,-1.291427612E-1,2.117487335E1,-4.650865173E1,5.110231526E1
1.564821251E-1,-1.339721680E-2,2.113927078E1,-4.616711426E1,5.077668153E1
1.664391250E-1,4.773712158E-2,2.140357590E1,-4.667425537E1,5.134784761E1
1.763951250E-1,8.387756348E-2,2.133462143E1,-4.680830383E1,5.144113543E1
1.863511250E-1,2.238464355E-2,2.133151245E1,-4.654112244E1,5.119677726E1
1.963081250E-1,-9.278106689E-2,2.137971878E1,-4.633575439E1,5.103041366E1
2.062641250E-1,-4.523468018E-2,2.124938965E1,-4.613916016E1,5.079725097E1
2.162201250E-1,-1.142578125E-1,2.155526733E1,-4.621212769E1,5.099218911E1
2.261771250E-1,2.201080322E-2,2.123796082E1,-4.613966370E1,5.079291319E1
2.361331250E-1,1.791000366E-1,2.127241135E1,-4.657360840E1,5.120203668E1
2.460891250E-1,4.248809814E-2,2.131595612E1,-4.652268982E1,5.117355233E1
2.560461250E-1,2.682113647E-1,2.112246323E1,-4.630723572E1,5.089784347E1
2.660021250E-1,2.109756470E-1,2.103565216E1,-4.618281555E1,5.074835588E1
2.759580417E-1,1.119232178E-1,2.126432419E1,-4.607699585E1,5.074715319E1
2.859150417E-1,-2.815246582E-2,2.117518616E1,-4.620700073E1,5.082790787E1
2.958710417E-1,-5.365753174E-2,2.101527786E1,-4.648722839E1,5.101673438E1
3.058280417E-1,3.802490234E-2,2.130511475E1,-4.620684814E1,5.088204178E1
3.157840417E-1,-1.391677856E-1,2.111411667E1,-4.613471985E1,5.073694577E1
3.257400417E-1,-1.506805420E-1,2.113551331E1,-4.628427124E1,5.088188667E1
3.356970417E-1,-7.179260254E-2,2.128883743E1,-4.639247131E1,5.104391392E1
3.456530417E-1,-4.840850830E-2,2.137480927E1,-4.673133850E1,5.138776910E1
3.556090417E-1,1.878814697E-1,2.118861008E1,-4.628939819E1,5.090875054E1
3.655660417E-1,-1.396484375E-1,2.096640778E1,-4.617117310E1,5.070884520E1
3.755220417E-1,-1.417541504E-2,2.102791214E1,-4.610253906E1,5.067166267E1
3.854780417E-1,-1.352691650E-2,2.114007187E1,-4.613220215E1,5.074527462E1
3.954350417E-1,-2.140960693E-1,2.125303268E1,-4.618690491E1,5.084257488E1
4.053910417E-1,-2.858963013E-1,2.119678497E1,-4.637052917E1,5.098638451E1
4.153470417E-1,-8.168029785E-2,2.123189545E1,-4.598078918E1,5.064615514E1
4.253040417E-1,-1.223602295E-1,2.138165665E1,-4.627261353E1,5.097396370E1
4.352600417E-1,-9.191131592E-2,2.144568634E1,-4.630230713E1,5.102773320E1
4.452170417E-1,-9.191131592E-2,2.144568634E1,-4.630230713E1,5.102773320E1
4.551730417E-1,-1.795425415E-1,2.154046631E1,-4.594529724E1,5.074440130E1
4.651290417E-1,-2.276153564E-1,2.151408386E1,-4.594158936E1,5.073004283E1
4.750860417E-1,-2.059326172E-1,2.152845001E1,-4.609385681E1,5.087396391E1
4.850420417E-1,-1.859054565E-1,2.137650299E1,-4.604055786E1,5.076142639E1
4.949980417E-1,-3.883438110E-1,2.136060333E1,-4.620195007E1,5.090232191E1
5.049550417E-1,-1.660156250E-1,2.108906174E1,-4.638211060E1,5.095170527E1
5.149110417E-1,-2.368240356E-1,2.116974640E1,-4.591862488E1,5.056416081E1
5.248670417E-1,-2.427825928E-1,2.114516830E1,-4.604640198E1,5.066999330E1
5.348240417E-1,-2.599487305E-1,2.106786346E1,-4.602355957E1,5.061709671E1
5.447800417E-1,-2.781829834E-1,2.124445724E1,-4.610626221E1,5.076604933E1
5.547370417E-1,-2.704925537E-1,2.110929871E1,-4.607890320E1,5.068472135E1
5.646930417E-1,-4.209899902E-2,2.134910202E1,-4.606471252E1,5.077148481E1
5.746490417E-1,-2.393569946E-1,2.140609741E1,-4.634378052E1,5.104923399E1
5.846060417E-1,-1.130828857E-1,2.133255768E1,-4.615145874E1,5.084336681E1
5.945620417E-1,-1.097869873E-2,2.138432693E1,-4.614602661E1,5.086005634E1
6.045180417E-1,-2.834167480E-1,2.142144775E1,-4.635115051E1,5.106258809E1
6.144750417E-1,-1.811523438E-1,2.135897446E1,-4.598683167E1,5.070529847E1
6.244310417E-1,-8.071899414E-2,2.134166336E1,-4.600665283E1,5.071572947E1
6.343870417E-1,-1.588058472E-1,2.131278610E1,-4.607475281E1,5.076556822E1
6.443440417E-1,-2.387542725E-1,2.133238220E1,-4.641079712E1,5.107924846E1
6.543000417E-1,-1.985702515E-1,2.150075150E1,-4.648910522E1,5.122068576E1
6.642570417E-1,-1.035537720E-1,2.140599823E1,-4.663963318E1,5.131747136E1
6.742130417E-1,-9.641265869E-2,2.138303757E1,-4.628421021E1,5.098501452E1
6.841690417E-1,1.891250610E-1,2.149738693E1,-4.603300476E1,5.080561918E1
6.941260417E-1,1.956405640E-1,2.155444717E1,-4.618150330E1,5.096433768E1
7.040820417E-1,1.341247559E-2,2.175319290E1,-4.628146362E1,5.113878622E1
7.140380417E-1,-1.339492798E-1,2.168231201E1,-4.621839905E1,5.105174833E1
7.239950417E-1,9.719848633E-3,2.169225693E1,-4.630119324E1,5.113075983E1
7.339510417E-1,2.037048340E-3,2.141225433E1,-4.604661560E1,5.078164479E1
7.439070417E-1,-1.131439209E-2,2.124774551E1,-4.641688538E1,5.104893795E1
7.538640417E-1,-1.886215210E-1,2.146609497E1,-4.608760071E1,5.084187005E1
7.638200417E-1,5.027770996E-3,2.151786804E1,-4.621134949E1,5.097555779E1
7.737770417E-1,-2.728805542E-1,2.151086044E1,-4.619639587E1,5.095977406E1
7.837330417E-1,-4.380950928E-1,2.156612015E1,-4.591020203E1,5.072510341E1
7.936890417E-1,-7.843017578E-2,2.147039413E1,-4.614422607E1,5.089473033E1
8.036460417E-1,7.524871826E-2,2.151951981E1,-4.617605591E1,5.094431798E1
8.136020417E-1,-1.117324829E-1,2.130282211E1,-4.617353821E1,5.085094242E1
8.235580417E-1,1.862487793E-1,2.149124527E1,-4.578572083E1,5.057905242E1
8.335150417E-1,-2.191619873E-1,2.155820084E1,-4.605114746E1,5.084793248E1
8.434710417E-1,-8.671569824E-2,2.150328064E1,-4.584539795E1,5.063792167E1
8.534270417E-1,2.198028564E-2,2.133885193E1,-4.583085632E1,5.055506380E1
8.633840417E-1,-4.734802246E-2,2.156471634E1,-4.616871643E1,5.095674253E1
8.733400417E-1,-2.378921509E-1,2.146668625E1,-4.595069885E1,5.071826038E1
8.832970417E-1,-2.084808350E-1,2.149676132E1,-4.600811768E1,5.078288199E1
8.932530417E-1,-1.487731934E-3,2.146355820E1,-4.597174072E1,5.073544400E1
9.032090417E-1,-2.576980591E-1,2.131581116E1,-4.556982422E1,5.030943344E1
9.131660417E-1,-2.931442261E-1,2.131328964E1,-4.585752869E1,5.056931071E1
9.231220417E-1,-1.791076660E-1,2.149350357E1,-4.581439209E1,5.060594133E1
9.330780417E-1,-1.085510254E-1,2.145840454E1,-4.594784546E1,5.071172854E1
9.430350417E-1,-6.092834473E-2,2.161474228E1,-4.582049561E1,5.066279319E1
9.529910417E-1,6.135559082E-2,2.149569702E1,-4.643191528E1,5.116631227E1
9.629470417E-1,-1.020050049E-1,2.150458145E1,-4.619624329E1,5.095635703E1
9.729040417E-1,6.103515625E-4,2.135629654E1,-4.576170349E1,5.049975157E1
9.828600417E-1,1.145706177E-1,2.148336792E1,-4.589680481E1,5.067607833E1
9.928170417E-1,-9.511566162E-2,2.129758835E1,-4.592832947E1,5.062615692E1
1.002773042E0,-2.587127686E-1,2.132310104E1,-4.576712036E1,5.049129506E1
1.012729042E0,-4.093475342E-1,2.120998001E1,-4.561669922E1,5.030819083E1
1.022686042E0,-2.661972046E-1,2.127334595E1,-4.580816650E1,5.050756604E1
1.032642042E0,-2.364807129E-1,2.137022400E1,-4.598559570E1,5.070914522E1
1.042598042E0,-2.666702271E-1,2.131996536E1,-4.616134644E1,5.084763456E1
1.052555042E0,-4.241561890E-1,2.117848969E1,-4.610820007E1,5.074124996E1
1.062511042E0,-4.270935059E-1,2.149963379E1,-4.585606384E1,5.064775664E1
1.072467042E0,-6.143493652E-1,2.164891052E1,-4.605921936E1,5.089699834E1
1.082424042E0,-5.712585449E-1,2.150498199E1,-4.587487793E1,5.066848145E1
1.092380042E0,-7.245864868E-1,2.156354141E1,-4.588110352E1,5.070095663E1
1.102337042E0,-6.741409302E-1,2.163152313E1,-4.616978455E1,5.099045268E1
1.112293042E0,-6.866607666E-1,2.153581619E1,-4.584141541E1,5.065272202E1
1.122249042E0,-5.879745483E-1,2.177646637E1,-4.570472717E1,5.063084324E1
1.132206042E0,-6.129913330E-1,2.155810928E1,-4.565101624E1,5.048903958E1
1.142162042E0,-7.460556030E-1,2.140873337E1,-4.581921387E1,5.057954945E1
1.152118042E0,-6.825103760E-1,2.136893463E1,-4.607122803E1,5.079030655E1
1.162075042E0,-9.375457764E-1,2.124378967E1,-4.636845398E1,5.101187231E1
1.172031042E0,-1.111587524E0,2.134904099E1,-4.596237183E1,5.069079603E1
1.181988042E0,-1.371925354E0,2.126561356E1,-4.607131958E1,5.076095928E1
1.191944042E0,-1.285140991E0,2.130299759E1,-4.593527222E1,5.065094794E1
1.201900042E0,-1.753059387E0,2.153702164E1,-4.568095398E1,5.053381120E1
1.211857042E0,-2.052574158E0,2.145077133E1,-4.602125549E1,5.081638130E1
1.221813042E0,-2.371704102E0,2.169687653E1,-4.584588623E1,5.077622195E1
1.231769042E0,-2.400344849E0,2.180620575E1,-4.601815796E1,5.097983059E1
1.241726042E0,-2.624542236E0,2.159338379E1,-4.609492493E1,5.096964341E1
1.251682042E0,-2.985389709E0,2.157157516E1,-4.576597595E1,5.068303426E1
1.261638042E0,-3.152046204E0,2.136289597E1,-4.600363159E1,5.081970916E1
1.271595042E0,-3.366455078E0,2.121611023E1,-4.590933228E1,5.068651836E1
1.281551250E0,-3.434295654E0,2.141436768E1,-4.612754822E1,5.097175918E1
1.291508250E0,-3.832077026E0,2.146388245E1,-4.599250793E1,5.089885903E1
1.301464250E0,-3.887077332E0,2.137164307E1,-4.608729553E1,5.094992941E1
1.311420250E0,-4.094741821E0,2.153989029E1,-4.622543335E1,5.116174814E1
1.321377250E0,-4.208282471E0,2.163589478E1,-4.609140015E1,5.109049571E1
1.331333250E0,-4.487358093E0,2.154595947E1,-4.576448059E1,5.078141822E1
1.341289250E0,-4.772483826E0,2.169948196E1,-4.574113464E1,5.085170123E1
1.351246250E0,-4.926856995E0,2.154703903E1,-4.600115967E1,5.103582567E1
1.361202250E0,-5.335052490E0,2.145605850E1,-4.571305847E1,5.077902073E1
1.371159250E0,-5.628494263E0,2.147370529E1,-4.587713623E1,5.096578848E1
1.381115250E0,-5.646514893E0,2.150297546E1,-4.559233093E1,5.072397583E1
1.391071250E0,-5.736946106E0,2.143179321E1,-4.620594788E1,5.125645257E1
1.401028250E0,-6.333625793E0,2.164319229E1,-4.629728699E1,5.149739188E1
1.410984250E0,-6.326477051E0,2.143208694E1,-4.635160828E1,5.145707194E1
1.420940250E0,-6.575836182E0,2.129808044E1,-4.643489075E1,5.150775603E1
1.430897250E0,-6.938331604E0,2.138830185E1,-4.616577148E1,5.135054389E1
1.440853250E0,-6.737358093E0,2.143320084E1,-4.616340637E1,5.134037573E1
1.450809250E0,-7.325370789E0,2.120262909E1,-4.591230774E1,5.109943776E1
1.460766250E0,-7.217147827E0,2.132025528E1,-4.626066589E1,5.144598835E1
1.470722250E0,-7.417831421E0,2.135796738E1,-4.628300476E1,5.151022736E1
1.480679250E0,-7.726837158E0,2.106739807E1,-4.624984741E1,5.140610528E1
1.490635250E0,-7.856689453E0,2.105253983E1,-4.611857605E1,5.130165747E1
1.500591250E0,-8.028869629E0,2.098934555E1,-4.645025635E1,5.160079155E1
1.510548250E0,-8.498313904E0,2.083094788E1,-4.651542664E1,5.167044265E1
1.520504250E0,-8.839187622E0,2.099287415E1,-4.693334961E1,5.216868130E1
1.530460250E0,-9.011596680E0,2.126349258E1,-4.705902100E1,5.242038200E1
1.540417250E0,-8.959365845E0,2.113264084E1,-4.689265442E1,5.220900098E1
1.550373250E0,-9.342803955E0,2.091423798E1,-4.698910522E1,5.227493994E1
1.560330250E0,-9.530456543E0,2.110993576E1,-4.693377686E1,5.233773399E1
1.570286250E0,-9.661880493E0,2.091429138E1,-4.688052368E1,5.223545749E1
1.580242250E0,-9.830940247E0,2.090819931E1,-4.718255615E1,5.253564304E1
1.590199250E0,-1.012903595E1,2.093359375E1,-4.706321716E1,5.249532480E1
1.600155250E0,-1.045498657E1,2.073900604E1,-4.720469666E1,5.260890136E1
1.610111250E0,-1.046919250E1,2.060186386E1,-4.744810486E1,5.277654253E1
1.620068250E0,-1.080970001E1,2.046002579E1,-4.714416504E1,5.251699312E1
1.630024250E0,-1.106525421E1,2.062147141E1,-4.693637085E1,5.244719098E1
1.639981250E0,-1.136818695E1,2.057286453E1,-4.703492737E1,5.258101199E1
1.649937250E0,-1.188436127E1,2.062044525E1,-4.712863159E1,5.279724160E1
1.659893250E0,-1.186619568E1,2.006763077E1,-4.719128418E1,5.263585952E1
1.669850250E0,-1.185890198E1,2.019052124E1,-4.725120544E1,5.273487575E1
1.679806250E0,-1.223921967E1,2.017227936E1,-4.742700195E1,5.297206685E1
1.689762250E0,-1.256384277E1,2.022349167E1,-4.764976501E1,5.326668627E1
1.699719250E0,-1.263675690E1,1.995635986E1,-4.774014282E1,5.326410762E1
1.709675250E0,-1.280833435E1,1.998056030E1,-4.776649475E1,5.333773748E1
1.719632250E0,-1.330354309E1,1.995931625E1,-4.754872131E1,5.325635608E1
1.729588250E0,-1.329552460E1,1.969356918E1,-4.776771545E1,5.335131002E1
1.739544250E0,-1.359137726E1,1.969387817E1,-4.769401550E1,5.336003643E1
1.749501250E0,-1.366569519E1,1.944700241E1,-4.799153137E1,5.355487103E1
1.759457250E0,-1.402584076E1,1.941595078E1,-4.815441895E1,5.378244525E1
1.769413250E0,-1.422929382E1,1.923376465E1,-4.837432861E1,5.396745477E1
1.779370250E0,-1.441171265E1,1.935756302E1,-4.820471191E1,5.390831993E1
1.789326250E0,-1.461218262E1,1.937715530E1,-4.804273987E1,5.382466797E1
1.799282250E0,-1.486122894E1,1.910944748E1,-4.797468567E1,5.373637105E1
1.809239250E0,-1.512403870E1,1.921201706E1,-4.811531067E1,5.397148568E1
1.819195250E0,-1.520227051E1,1.887950897E1,-4.845004272E1,5.417519292E1
1.829152250E0,-1.538298798E1,1.882207489E1,-4.843963623E1,5.419691117E1
1.839108250E0,-1.552252960E1,1.860321426E1,-4.825462341E1,5.399571452E1
1.849064250E0,-1.554526520E1,1.842654800E1,-4.814373779E1,5.384247793E1
1.859021250E0,-1.602416992E1,1.844927216E1,-4.819468689E1,5.403589094E1
1.868977250E0,-1.619328308E1,1.840493774E1,-4.856291199E1,5.439963760E1
1.878933250E0,-1.625221252E1,1.819287109E1,-4.856332397E1,5.434621796E1
1.888890250E0,-1.659367371E1,1.834860992E1,-4.869137573E1,5.461567141E1
1.898846250E0,-1.667266846E1,1.821811295E1,-4.882101440E1,5.471168943E1
1.908803250E0,-1.715625000E1,1.810212708E1,-4.896397400E1,5.494992874E1
1.918759250E0,-1.736258698E1,1.800835800E1,-4.891743469E1,5.494247720E1
1.928715250E0,-1.711419678E1,1.769570541E1,-4.925520325E1,5.506458724E1
1.938672250E0,-1.726308441E1,1.764245987E1,-4.940875244E1,5.523128906E1
1.948628250E0,-1.762490845E1,1.773409653E1,-4.904823303E1,5.505329001E1
1.958584250E0,-1.797659302E1,1.761535645E1,-4.921432495E1,5.527665384E1
1.968541250E0,-1.825018311E1,1.721611404E1,-4.905870056E1,5.510190439E1
1.978497250E0,-1.853080750E1,1.694443512E1,-4.912304688E1,5.516863640E1
1.988454250E0,-1.879328918E1,1.675566864E1,-4.915209961E1,5.522561947E1
1.998410250E0,-1.892415619E1,1.680308151E1,-4.939770508E1,5.550315759E1
2.008366250E0,-1.905115509E1,1.659186935E1,-4.972880554E1,5.577804890E1
2.018323250E0,-1.952729034E1,1.631170273E1,-4.976165771E1,5.588925919E1
2.028279250E0,-1.987422180E1,1.610508728E1,-4.957473755E1,5.578542042E1
2.038235250E0,-2.009478760E1,1.599587250E1,-4.951576233E1,5.578063414E1
2.048192250E0,-2.029589844E1,1.591312408E1,-4.951721191E1,5.583104233E1
2.058148250E0,-2.053909302E1,1.569379425E1,-4.955316162E1,5.588976066E1
2.068105250E0,-2.071142578E1,1.549923325E1,-4.952423096E1,5.587341802E1
2.078061250E0,-2.085357666E1,1.529886246E1,-4.986123657E1,5.617000770E1
2.088017250E0,-2.121108246E1,1.531848526E1,-4.991812134E1,5.635942554E1
2.097974250E0,-2.135495758E1,1.513718033E1,-5.014869690E1,5.656907496E1
2.107930250E0,-2.142428589E1,1.495936584E1,-5.041375732E1,5.678318043E1
2.117886250E0,-2.155411530E1,1.471115875E1,-5.009825134E1,5.648745760E1
2.127843250E0,-2.219857025E1,1.444694138E1,-5.007806396E1,5.665071162E1
2.137799250E0,-2.221437836E1,1.425386047E1,-5.000735474E1,5.654543900E1
2.147756250E0,-2.249169159E1,1.401887131E1,-4.992456055E1,5.652315180E1
2.157712250E0,-2.231563568E1,1.365427017E1,-4.984391785E1,5.629247584E1
2.167668250E0,-2.283124542E1,1.335188293E1,-4.966140747E1,5.626538845E1
2.177625250E0,-2.289064789E1,1.323237610E1,-5.001364136E1,5.657244789E1
2.187581250E0,-2.308967590E1,1.292597580E1,-4.986288452E1,5.644928021E1
2.197537250E0,-2.313378143E1,1.316475677E1,-4.979641724E1,5.646384537E1
2.207494250E0,-2.351405334E1,1.278134918E1,-5.035281372E1,5.702349903E1
2.217450250E0,-2.365381622E1,1.266283035E1,-5.016777039E1,5.689161168E1
2.227407250E0,-2.366307068E1,1.247908020E1,-5.000144958E1,5.670814154E1
2.237363250E0,-2.415630341E1,1.230997086E1,-5.005064392E1,5.692213395E1
2.247319250E0,-2.420523071E1,1.221303558E1,-5.034904480E1,5.718459359E1
2.257276250E0,-2.456390381E1,1.181888580E1,-5.031275940E1,5.722276811E1
2.267232250E0,-2.460261536E1,1.170843124E1,-5.042669678E1,5.731690669E1
2.277188250E0,-2.455483246E1,1.152465248E1,-5.070819092E1,5.750719988E1
2.287145292E0,-2.449201965E1,1.132756805E1,-5.056350708E1,5.731353307E1
2.297101292E0,-2.449201965E1,1.132756805E1,-5.056350708E1,5.731353307E1
2.307058292E0,-2.472083282E1,1.129335213E1,-5.043408203E1,5.729097667E1
2.317014292E0,-2.500093842E1,1.094263077E1,-5.072953796E1,5.760446260E1
2.326970292E0,-2.530828857E1,1.087668419E1,-5.111413574E1,5.806433158E1
2.336927292E0,-2.544671631E1,1.047732925E1,-5.056028748E1,5.756433330E1
2.346883292E0,-2.547422791E1,1.016927719E1,-5.041592407E1,5.739438898E1
2.356839292E0,-2.591688538E1,1.000133705E1,-5.060783386E1,5.773096690E1
2.366796292E0,-2.587345886E1,9.881002426E0,-5.065469360E1,5.773186353E1
2.376752292E0,-2.611717224E1,9.688800812E0,-5.081794739E1,5.795207782E1
2.386709292E0,-2.625415039E1,9.398082733E0,-5.077310181E1,5.792678343E1
2.396665292E0,-2.644186401E1,8.920434952E0,-5.092988586E1,5.807408722E1
2.406621292E0,-2.657946777E1,8.968534470E0,-5.085675049E1,5.808021856E1
2.416578292E0,-2.675038147E1,8.673662186E0,-5.089222717E1,5.814494055E1
2.426534292E0,-2.692837524E1,8.410945892E0,-5.108465576E1,5.835686299E1
2.436490292E0,-2.698211670E1,8.280830383E0,-5.115403748E1,5.842381641E1
2.446447292E0,-2.718325806E1,8.094991684E0,-5.129159546E1,5.861131438E1
2.456403292E0,-2.734408569E1,7.586990356E0,-5.120890808E1,5.854582574E1
2.466360292E0,-2.745039368E1,7.197692871E0,-5.129672241E1,5.862324305E1
2.476316292E0,-2.782482910E1,6.736459732E0,-5.120019531E1,5.866055748E1
2.486272292E0,-2.807773590E1,6.298437119E0,-5.145428467E1,5.895399032E1
2.496229292E0,-2.832713318E1,5.915893555E0,-5.116958618E1,5.878563448E1
2.506185292E0,-2.841209412E1,5.538024902E0,-5.154722595E1,5.911880678E1
2.516141292E0,-2.860484314E1,5.132123947E0,-5.152474976E1,5.915552032E1
2.526098292E0,-2.864159393E1,4.687637329E0,-5.100938416E1,5.868792140E1
2.536054292E0,-2.879586792E1,4.620721817E0,-5.103109741E1,5.877691709E1
2.546011292E0,-2.888228607E1,4.055932999E0,-5.117053223E1,5.889873012E1
2.555967292E0,-2.923368073E1,3.615880966E0,-5.137080383E1,5.921690781E1
2.565923292E0,-2.906121063E1,3.291748047E0,-5.118000793E1,5.894728815E1
2.575880292E0,-2.951447296E1,3.086429596E0,-5.115472412E1,5.913912378E1
2.585836292E0,-2.937537384E1,2.550636292E0,-5.116502380E1,5.905317938E1
2.595792292E0,-2.952519226E1,2.158538818E0,-5.138435364E1,5.930217590E1
2.605749292E0,-2.962567902E1,1.831571579E0,-5.134652710E1,5.930852685E1
2.615705292E0,-2.959689331E1,1.456838608E0,-5.148097229E1,5.940024394E1
2.625662292E0,-2.965336609E1,1.161939621E0,-5.152206421E1,5.945750856E1
2.635618292E0,-2.974718475E1,1.016508102E0,-5.164880371E1,5.961146881E1
2.645574292E0,-2.971408844E1,7.139186859E-1,-5.157110596E1,5.952323665E1
2.655531292E0,-2.976360321E1,3.447685242E-1,-5.164215088E1,5.960623029E1
2.665487292E0,-2.990560150E1,2.987670898E-2,-5.168344116E1,5.971200871E1
2.675444292E0,-2.994746399E1,-2.777099609E-2,-5.182464600E1,5.985520281E1
2.685400292E0,-3.008823395E1,-6.557273865E-2,-5.159741211E1,5.972938187E1
2.695356292E0,-3.007373810E1,-4.370937347E-1,-5.098666382E1,5.919679604E1
2.705313292E0,-3.018355560E1,-9.490604401E-1,-5.162548828E1,5.980918646E1
2.715269292E0,-2.992151642E1,-1.270059586E0,-5.169375610E1,5.974240216E1
2.725225292E0,-3.012970734E1,-1.324054718E0,-5.146897888E1,5.965407088E1
2.735182292E0,-3.049956512E1,-1.685251236E0,-5.192016602E1,6.023924953E1
2.745138292E0,-3.016421509E1,-1.718189240E0,-5.178678894E1,5.995584671E1
2.755095292E0,-3.021003723E1,-1.990747452E0,-5.137968445E1,5.963624233E1
2.765051292E0,-3.036627960E1,-2.262636185E0,-5.156703186E1,5.988646954E1
2.775007292E0,-3.070771027E1,-2.276880264E0,-5.171984863E1,6.019211241E1
2.784964292E0,-3.054540253E1,-2.831766129E0,-5.158604431E1,6.001800132E1
2.794920292E0,-3.058977509E1,-3.129886627E0,-5.174818420E1,6.019472650E1
2.804876292E0,-3.057444000E1,-3.347702026E0,-5.173033142E1,6.018330898E1
2.814833292E0,-3.031619263E1,-3.650697708E0,-5.166409302E1,6.001314553E1
2.824789292E0,-3.032788849E1,-4.053813934E0,-5.172540283E1,6.009768320E1
2.834746292E0,-3.025800323E1,-4.426465988E0,-5.187358093E1,6.021634960E1
2.844702292E0,-3.042255402E1,-4.870366096E0,-5.196600342E1,6.041289407E1
2.854658292E0,-3.065410614E1,-5.252203941E0,-5.212368774E1,6.069710614E1
2.864615292E0,-3.052041626E1,-5.449953079E0,-5.248173523E1,6.095515015E1
2.874571292E0,-3.039306641E1,-5.531046867E0,-5.225006104E1,6.069925735E1
2.884527292E0,-3.057027435E1,-5.882862091E0,-5.242198181E1,6.096895864E1
2.894484292E0,-3.045186615E1,-6.397952080E0,-5.210043335E1,6.068529557E1
2.904440292E0,-3.049894714E1,-6.805956841E0,-5.210618591E1,6.075822114E1
2.914397292E0,-3.074448395E1,-7.349865913E0,-5.234149170E1,6.114634556E1
2.924353292E0,-3.068845367E1,-7.345566750E0,-5.241534424E1,6.118093536E1
2.934309292E0,-3.066716003E1,-8.013144493E0,-5.190826416E1,6.082066324E1
2.944266292E0,-3.051768494E1,-8.189793587E0,-5.208941650E1,6.092379769E1
2.954222292E0,-3.042426300E1,-8.543293953E0,-5.197599792E1,6.082867754E1
2.964178292E0,-3.036840820E1,-8.823863983E0,-5.228642273E1,6.110622549E1
2.974135292E0,-3.040845490E1,-9.212224960E0,-5.221987915E1,6.112654903E1
2.984091292E0,-3.020388794E1,-9.456018448E0,-5.197116089E1,6.084975510E1
2.994048292E0,-3.022868347E1,-9.673840523E0,-5.196588135E1,6.089178368E1
3.004004292E0,-3.024790955E1,-1.005019283E1,-5.172528076E1,6.075728004E1
3.013960292E0,-3.008789825E1,-1.043068695E1,-5.187005615E1,6.086529041E1
3.023917292E0,-3.014128876E1,-1.060193157E1,-5.227279663E1,6.126453712E1
3.033873292E0,-3.038331604E1,-1.086326885E1,-5.225015259E1,6.141038144E1
3.043830292E0,-3.017943573E1,-1.107714367E1,-5.202189636E1,6.115373377E1
3.053786292E0,-2.999964142E1,-1.132447052E1,-5.218554688E1,6.124992588E1
3.063742292E0,-2.991275787E1,-1.174530888E1,-5.187773132E1,6.102478489E1
3.073699292E0,-2.981939697E1,-1.202684784E1,-5.195172119E1,6.109683167E1
3.083655292E0,-2.994876862E1,-1.248416805E1,-5.235272217E1,6.159213190E1
3.093611292E0,-2.990863037E1,-1.268288898E1,-5.202665710E1,6.133640757E1
3.103568292E0,-2.961227417E1,-1.296787453E1,-5.201481628E1,6.124209063E1
3.113524292E0,-2.953547668E1,-1.318567467E1,-5.182170105E1,6.108760184E1
3.123481292E0,-2.940605927E1,-1.362130547E1,-5.202407837E1,6.129242216E1
3.133437292E0,-2.918620300E1,-1.412674999E1,-5.226261902E1,6.150431577E1
3.143393292E0,-2.907241058E1,-1.419436646E1,-5.222070312E1,6.143034210E1
3.153350292E0,-2.901793671E1,-1.447544289E1,-5.207775879E1,6.134877389E1
3.163306292E0,-2.907105255E1,-1.474759293E1,-5.181088257E1,6.121262244E1
3.173263292E0,-2.870761871E1,-1.474655342E1,-5.212019348E1,6.130336678E1
3.183219292E0,-2.875079346E1,-1.506306076E1,-5.204798889E1,6.133919686E1
3.193175292E0,-2.856353760E1,-1.542595482E1,-5.189842224E1,6.121504711E1
3.203132292E0,-2.853144836E1,-1.579417992E1,-5.213259888E1,6.149233717E1
3.213088292E0,-2.853653717E1,-1.594445610E1,-5.198632812E1,6.140959164E1
3.223044292E0,-2.856390381E1,-1.616803932E1,-5.235754395E1,6.179493915E1
3.233001292E0,-2.840525818E1,-1.624683380E1,-5.229370117E1,6.168832534E1
3.242957292E0,-2.837657928E1,-1.688943100E1,-5.217243958E1,6.174501261E1
3.252914292E0,-2.815687561E1,-1.714459610E1,-5.231034851E1,6.183137861E1
3.262870292E0,-2.788249969E1,-1.723614502E1,-5.231111145E1,6.173306137E1
3.272826292E0,-2.826754761E1,-1.773078156E1,-5.245465088E1,6.216852307E1
3.282782875E0,-2.795692444E1,-1.792886925E1,-5.230822754E1,6.196115432E1
3.292738875E0,-2.794618988E1,-1.826985931E1,-5.255513000E1,6.226410666E1
3.302694875E0,-2.783425903E1,-1.835543442E1,-5.219715881E1,6.193715635E1
3.312651875E0,-2.760367584E1,-1.861317444E1,-5.238671875E1,6.207077802E1
3.322607875E0,-2.769213104E1,-1.877135849E1,-5.237477112E1,6.214768436E1
3.332564875E0,-2.748039246E1,-1.911330414E1,-5.238116455E1,6.216330722E1
3.342520875E0,-2.752339935E1,-1.924304581E1,-5.204924011E1,6.194316524E1
3.352476875E0,-2.729496002E1,-1.934913635E1,-5.199085999E1,6.182599326E1
3.362433875E0,-2.726619720E1,-1.955781746E1,-5.212492371E1,6.199162367E1
3.372389875E0,-2.732992554E1,-1.943039322E1,-5.197274780E1,6.185168975E1
3.382346875E0,-2.719055939E1,-1.977981186E1,-5.248968506E1,6.233566006E1
3.392302875E0,-2.678549194E1,-1.995256042E1,-5.271372986E1,6.240436332E1
3.402258875E0,-2.699275970E1,-2.025247765E1,-5.245497131E1,6.237223695E1
3.412215875E0,-2.669240570E1,-2.037648964E1,-5.233543396E1,6.218266237E1
3.422171875E0,-2.650639343E1,-2.044673920E1,-5.236970520E1,6.215500028E1
3.432127875E0,-2.637207031E1,-2.053903961E1,-5.213003540E1,6.192639850E1
3.442084875E0,-2.622096252E1,-2.078736115E1,-5.201181030E1,6.184562774E1
3.452040875E0,-2.618138885E1,-2.100728035E1,-5.214428711E1,6.201449531E1
3.461997875E0,-2.609792328E1,-2.101297760E1,-5.224444580E1,6.206552138E1
3.471953875E0,-2.584394073E1,-2.120874977E1,-5.211703491E1,6.191854058E1
3.481909875E0,-2.577815247E1,-2.133606720E1,-5.227316284E1,6.206629086E1
3.491866875E0,-2.582269287E1,-2.155805969E1,-5.231040955E1,6.219276768E1
3.501822875E0,-2.569525146E1,-2.187629318E1,-5.260589600E1,6.249958756E1
3.511779875E0,-2.529276276E1,-2.194877815E1,-5.231561279E1,6.211598870E1
3.521735875E0,-2.522375488E1,-2.217339516E1,-5.235371399E1,6.219974784E1
3.531691875E0,-2.503111267E1,-2.240023422E1,-5.260585022E1,6.241556354E1
3.541648875E0,-2.491519928E1,-2.253317261E1,-5.242433167E1,6.226412750E1
3.551604875E0,-2.450316620E1,-2.282155037E1,-5.237445068E1,6.216358580E1
3.561560875E0,-2.457955933E1,-2.300606155E1,-5.244528198E1,6.232127411E1
3.571517875E0,-2.442354584E1,-2.303624153E1,-5.256562805E1,6.237245600E1
3.581473875E0,-2.424250031E1,-2.339753723E1,-5.250462341E1,6.238492646E1
3.591430875E0,-2.401541138E1,-2.355168152E1,-5.240573120E1,6.227184234E1
3.601386875E0,-2.404940796E1,-2.388352776E1,-5.258259583E1,6.255978185E1
3.611342875E0,-2.371630096E1,-2.419279099E1,-5.269337463E1,6.264459911E1
3.621299875E0,-2.340239716E1,-2.426376915E1,-5.223832703E1,6.217109856E1
3.631255875E0,-2.315670013E1,-2.461808777E1,-5.218353271E1,6.217237403E1
3.641212875E0,-2.269609070E1,-2.481005669E1,-5.216259766E1,6.206116370E1
3.651168875E0,-2.266846466E1,-2.520963669E1,-5.226536560E1,6.229810200E1
3.661124875E0,-2.225602722E1,-2.516821289E1,-5.195503235E1,6.187160152E1
3.671081875E0,-2.219271851E1,-2.567032623E1,-5.225851440E1,6.230918657E1
3.681037875E0,-2.217400360E1,-2.574351311E1,-5.264610291E1,6.265801668E1
3.690993875E0,-2.196953583E1,-2.597766304E1,-5.264753723E1,6.268383091E1
3.700950875E0,-2.180242157E1,-2.638260078E1,-5.255607605E1,6.271784706E1
3.710906875E0,-2.161402130E1,-2.652983475E1,-5.239221191E1,6.257748731E1
3.720863875E0,-2.125563049E1,-2.691443443E1,-5.257031250E1,6.276803617E1
3.730819875E0,-2.115970612E1,-2.688942146E1,-5.245672607E1,6.262972345E1
3.740775875E0,-2.079470825E1,-2.708543777E1,-5.239848328E1,6.254312017E1
3.750732875E0,-2.054438782E1,-2.744796753E1,-5.232574463E1,6.255754426E1
3.760688875E0,-2.044423676E1,-2.758114243E1,-5.267077637E1,6.287206786E1
3.770645875E0,-2.009910583E1,-2.773028946E1,-5.245474243E1,6.264537503E1
3.780601875E0,-1.969881439E1,-2.786664963E1,-5.198439026E1,6.218496828E1
3.790557875E0,-1.938702393E1,-2.798270035E1,-5.207653809E1,6.221618788E1
3.800514875E0,-1.915996552E1,-2.795533180E1,-5.222453308E1,6.225758356E1
3.810470875E0,-1.889065552E1,-2.836114883E1,-5.205230713E1,6.221458275E1
3.820426875E0,-1.873578644E1,-2.862419891E1,-5.163352966E1,6.193864579E1
3.830383875E0,-1.839430237E1,-2.882132530E1,-5.180242920E1,6.206859772E1
3.840339875E0,-1.817144775E1,-2.874513817E1,-5.188436890E1,6.203605579E1
3.850296875E0,-1.815177917E1,-2.905185127E1,-5.178076172E1,6.208658820E1
3.860252875E0,-1.805955505E1,-2.921413803E1,-5.209571838E1,6.239853575E1
3.870208875E0,-1.762387085E1,-2.944068146E1,-5.204022217E1,6.233409398E1
3.880165875E0,-1.741118622E1,-2.988591766E1,-5.203015137E1,6.247762905E1
3.890121875E0,-1.689387512E1,-2.997902679E1,-5.202700806E1,6.237751704E1
3.900078875E0,-1.644297028E1,-3.008344269E1,-5.199627686E1,6.228159923E1
3.910034875E0,-1.641745758E1,-3.014321327E1,-5.206228638E1,6.235886370E1
3.919990875E0,-1.595421600E1,-3.028175354E1,-5.203773499E1,6.228521067E1
3.929947875E0,-1.553040314E1,-3.038526917E1,-5.203042603E1,6.222236926E1
3.939903875E0,-1.528969574E1,-3.068089676E1,-5.226521301E1,6.250395758E1
3.949859875E0,-1.473007965E1,-3.094371796E1,-5.232664490E1,6.255051314E1
3.959816875E0,-1.487738037E1,-3.106605911E1,-5.212892151E1,6.248088454E1
3.969772875E0,-1.467343140E1,-3.110321426E1,-5.204367065E1,6.237999023E1
3.979729875E0,-1.470088196E1,-3.129124069E1,-5.207264709E1,6.250454583E1
3.989685875E0,-1.431874847E1,-3.129867554E1,-5.206927490E1,6.241668877E1
3.999641875E0,-1.382130432E1,-3.167375946E1,-5.228997803E1,6.267772566E1
4.009598875E0,-1.324051666E1,-3.182656860E1,-5.233306885E1,6.266571507E1
4.019554875E0,-1.300969696E1,-3.188468552E1,-5.216558838E1,6.250707157E1
4.029511875E0,-1.292184448E1,-3.200298309E1,-5.214880371E1,6.253529180E1
4.039467875E0,-1.264688873E1,-3.202858734E1,-5.240432739E1,6.270556380E1
4.049423875E0,-1.222582245E1,-3.213275146E1,-5.243858337E1,6.270398295E1
4.059380875E0,-1.176145935E1,-3.224865723E1,-5.212475586E1,6.241232244E1
4.069336875E0,-1.128964233E1,-3.211561203E1,-5.203411865E1,6.218052801E1
4.079292875E0,-1.119747162E1,-3.239458466E1,-5.175103760E1,6.207223516E1
4.089249875E0,-1.083165741E1,-3.249150085E1,-5.159013367E1,6.192385907E1
4.099205875E0,-1.066371155E1,-3.240530777E1,-5.161174011E1,6.186752325E1
4.109162875E0,-1.021051788E1,-3.245253754E1,-5.196685791E1,6.211260894E1
4.119118875E0,-1.009034729E1,-3.251360703E1,-5.251345825E1,6.258284947E1
4.129074875E0,-9.661384583E0,-3.262485504E1,-5.231088257E1,6.240314057E1
4.139031875E0,-9.484336853E0,-3.271921921E1,-5.237191772E1,6.247653733E1
4.148987875E0,-9.102439880E0,-3.268944168E1,-5.213598633E1,6.220623023E1
4.158944875E0,-8.869888306E0,-3.284717560E1,-5.231893921E1,6.240899986E1
4.168900875E0,-8.869888306E0,-3.284717560E1,-5.231893921E1,6.240899986E1
4.178856875E0,-8.629608154E0,-3.301486206E1,-5.220953369E1,6.237216256E1
4.188813875E0,-8.266860962E0,-3.284339142E1,-5.154830933E1,6.167866361E1
4.198769875E0,-7.820579529E0,-3.297187805E1,-5.176127625E1,6.186708273E1
4.208726875E0,-7.570121765E0,-3.304633713E1,-5.168232727E1,6.180962784E1
4.218682875E0,-7.189773560E0,-3.307449341E1,-5.172419739E1,6.181429894E1
4.228638875E0,-6.610633850E0,-3.307665253E1,-5.196434021E1,6.195206272E1
4.238595875E0,-6.547317505E0,-3.309540176E1,-5.200341797E1,6.198813165E1
4.248551875E0,-6.404693604E0,-3.302272034E1,-5.222589111E1,6.212136397E1
4.258507875E0,-5.972839355E0,-3.314157486E1,-5.220959473E1,6.212793716E1
4.268464875E0,-5.675605774E0,-3.307307434E1,-5.203060913E1,6.191304413E1
4.278420875E0,-5.502716064E0,-3.309030151E1,-5.218531799E1,6.203672584E1
4.288378375E0,-5.358039856E0,-3.317906952E1,-5.217202759E1,6.206029091E1
4.298334375E0,-5.044944763E0,-3.342192078E1,-5.204437256E1,6.205717502E1
4.308290375E0,-4.996170044E0,-3.336621857E1,-5.218087769E1,6.213783270E1
4.318247375E0,-4.950569153E0,-3.344488525E1,-5.187640381E1,6.192115759E1
4.328203375E0,-4.637672424E0,-3.352283478E1,-5.182740784E1,6.189805054E1
4.338160375E0,-4.177276611E0,-3.348084641E1,-5.185939026E1,6.186932256E1
4.348116375E0,-4.134361267E0,-3.370536804E1,-5.170062256E1,6.185546985E1
4.358072375E0,-4.038040161E0,-3.343579865E1,-5.189598083E1,6.186639820E1
4.368029375E0,-3.615356445E0,-3.355657959E1,-5.205207825E1,6.203655121E1
4.377985375E0,-3.325805664E0,-3.372866821E1,-5.197883606E1,6.205226378E1
4.387942375E0,-3.001686096E0,-3.380117416E1,-5.206556702E1,6.214782991E1
4.397898375E0,-2.796966553E0,-3.363832092E1,-5.177690125E1,6.180782442E1
4.407854375E0,-2.553520203E0,-3.384750366E1,-5.165937805E1,6.181314836E1
4.417811375E0,-2.597999573E0,-3.374464417E1,-5.176051331E1,6.184336140E1
4.427767375E0,-2.395156860E0,-3.374227524E1,-5.159231567E1,6.169315157E1
4.437724375E0,-2.208236694E0,-3.375471115E1,-5.189556885E1,6.194680702E1
4.447680375E0,-1.780792236E0,-3.362264252E1,-5.178567505E1,6.176900073E1
4.457636375E0,-1.686874390E0,-3.373758316E1,-5.190946960E1,6.193273042E1
4.467593375E0,-1.233024597E0,-3.379156113E1,-5.152664185E1,6.163103742E1
4.477549375E0,-8.566741943E-1,-3.359294891E1,-5.150617981E1,6.149883467E1
4.487505375E0,-5.482406616E-1,-3.364930344E1,-5.152101135E1,6.153853102E1
4.497462375E0,-3.830184937E-1,-3.369367981E1,-5.155232239E1,6.158776425E1
4.507418375E0,-1.900787354E-1,-3.383392715E1,-5.133601379E1,6.148298195E1
4.517375375E0,1.262817383E-1,-3.359751892E1,-5.113807678E1,6.118751606E1
4.527331375E0,6.871719360E-1,-3.337702560E1,-5.141520691E1,6.130270422E1
4.537287375E0,7.902984619E-1,-3.339123154E1,-5.139965820E1,6.129864418E1
4.547244375E0,1.141304016E0,-3.325411987E1,-5.140484619E1,6.123395525E1
4.557200375E0,1.425483704E0,-3.326000214E1,-5.115414429E1,6.103282906E1
4.567157375E0,1.792938232E0,-3.305992889E1,-5.116506958E1,6.094290665E1
4.577113375E0,1.799507141E0,-3.301980591E1,-5.110537720E1,6.087121969E1
4.587069375E0,2.066261292E0,-3.294689941E1,-5.113011169E1,6.086095578E1
4.597026375E0,2.368919373E0,-3.287826920E1,-5.164031982E1,6.126430442E1
4.606982375E0,2.593513489E0,-3.288505554E1,-5.163006592E1,6.126840048E1
4.616939375E0,2.866455078E0,-3.287380219E1,-5.156216431E1,6.121731963E1
4.626895375E0,2.925056458E0,-3.268380356E1,-5.144075012E1,6.101588108E1
4.636851375E0,3.196922302E0,-3.280923080E1,-5.162400818E1,6.125115639E1
4.646808375E0,3.645362854E0,-3.297198105E1,-5.165191650E1,6.138697487E1
4.656764375E0,3.607200623E0,-3.293680191E1,-5.164120483E1,6.135681587E1
4.666720375E0,4.016723633E0,-3.272180939E1,-5.119750977E1,6.089364404E1
4.676677375E0,4.071807861E0,-3.297587204E1,-5.151599121E1,6.130159139E1
4.686633375E0,4.189926147E0,-3.272793961E1,-5.157931519E1,6.122988867E1
4.696590375E0,4.602981567E0,-3.254100037E1,-5.155839539E1,6.114222991E1
4.706546375E0,5.041976929E0,-3.249209595E1,-5.116023254E1,6.081551796E1
4.716502375E0,5.204322815E0,-3.244309235E1,-5.137767029E1,6.098609859E1
4.726459375E0,5.501792908E0,-3.269351196E1,-5.137915039E1,6.114697494E1
4.736415375E0,5.564048767E0,-3.248147964E1,-5.158529663E1,6.121313574E1
4.746372375E0,5.737304688E0,-3.241508484E1,-5.166067505E1,6.125748719E1
4.756328375E0,5.746688843E0,-3.235645294E1,-5.135853577E1,6.097264695E1
4.766284375E0,6.224014282E0,-3.213643646E1,-5.100254822E1,6.060320806E1
4.776241375E0,6.366722107E0,-3.222445679E1,-5.115222168E1,6.079062879E1
4.786197375E0,6.619789124E0,-3.224328613E1,-5.113180542E1,6.081046484E1
4.796154375E0,6.533676147E0,-3.221386719E1,-5.103788757E1,6.070657404E1
4.806110375E0,6.902633667E0,-3.209649658E1,-5.079864502E1,6.048416140E1
4.816066375E0,7.315406799E0,-3.183278847E1,-5.110328674E1,6.064971158E1
4.826023375E0,7.492126465E0,-3.163413239E1,-5.138049316E1,6.080135992E1
4.835979375E0,7.799133301E0,-3.156835938E1,-5.123860168E1,6.068592997E1
4.845936375E0,7.906173706E0,-3.139218521E1,-5.123867798E1,6.060840697E1
4.855892375E0,8.271415710E0,-3.151733398E1,-5.101605225E1,6.053425680E1
4.865848375E0,8.559616089E0,-3.145809364E1,-5.110505676E1,6.061852448E1
4.875805375E0,8.654899597E0,-3.107735825E1,-5.121536255E1,6.052869438E1
4.885761375E0,8.723037720E0,-3.113940811E1,-5.127729797E1,6.062273016E1
4.895718375E0,9.038261414E0,-3.096457481E1,-5.137258911E1,6.066001957E1
4.905674375E0,9.182014465E0,-3.084939575E1,-5.160671997E1,6.082144485E1
4.915630375E0,9.574935913E0,-3.094042397E1,-5.170535278E1,6.101174263E1
4.925587375E0,9.628639221E0,-3.065566254E1,-5.166313171E1,6.084044311E1
4.935543375E0,1.002209473E1,-3.052783203E1,-5.150772095E1,6.070779380E1
4.945499375E0,1.038277435E1,-3.033410645E1,-5.178384399E1,6.090588244E1
4.955456375E0,1.071685028E1,-2.999211884E1,-5.162452698E1,6.065863383E1
4.965412375E0,1.093663025E1,-3.001956749E1,-5.158596802E1,6.067863223E1
4.975369375E0,1.087651062E1,-2.965176010E1,-5.202606201E1,6.086243906E1
4.985325375E0,1.103256226E1,-2.940846634E1,-5.165867615E1,6.045820162E1
4.995281375E0,1.179660797E1,-2.930019951E1,-5.204722595E1,6.088165060E1
5.005238375E0,1.172301483E1,-2.903111076E1,-5.196984863E1,6.067206636E1
5.015194375E0,1.194032288E1,-2.881198502E1,-5.181315613E1,6.047565575E1
5.025151375E0,1.225533295E1,-2.846626282E1,-5.172221375E1,6.029683822E1
5.035107375E0,1.248683929E1,-2.852026367E1,-5.159204102E1,6.025832135E1
5.045063375E0,1.276838684E1,-2.838406372E1,-5.180838013E1,6.043835725E1
5.055020375E0,1.319928741E1,-2.820297813E1,-5.218231201E1,6.076695525E1
5.064976375E0,1.354782104E1,-2.797357559E1,-5.207521057E1,6.064562591E1
5.074933375E0,1.364394379E1,-2.775117111E1,-5.147451782E1,6.004923551E1
5.084889375E0,1.401123047E1,-2.776445770E1,-5.166390991E1,6.030206695E1
5.094845375E0,1.432148743E1,-2.774508667E1,-5.200546265E1,6.065857715E1
5.104802375E0,1.443529510E1,-2.763270569E1,-5.174505615E1,6.041105035E1
5.114758375E0,1.492947388E1,-2.748380089E1,-5.155104065E1,6.029724947E1
5.124715375E0,1.518029785E1,-2.720678139E1,-5.169757080E1,6.035966553E1
5.134671375E0,1.557178497E1,-2.676062775E1,-5.166174316E1,6.022912411E1
5.144627375E0,1.573035431E1,-2.641601562E1,-5.186082458E1,6.028926152E1
5.154584375E0,1.604434967E1,-2.635948181E1,-5.188392639E1,6.036708752E1
5.164540375E0,1.607396698E1,-2.588049889E1,-5.195780945E1,6.023110990E1
5.174497375E0,1.618302917E1,-2.570096970E1,-5.179275513E1,6.004098400E1
5.184453375E0,1.606964111E1,-2.566010284E1,-5.173605347E1,5.994408621E1
5.194409375E0,1.676230621E1,-2.534864235E1,-5.172349548E1,5.999040393E1
5.204366375E0,1.653842163E1,-2.520293999E1,-5.190734863E1,6.002566465E1
5.214322375E0,1.678881836E1,-2.507763672E1,-5.208288574E1,6.019451198E1
5.224279375E0,1.719255066E1,-2.493913460E1,-5.172119141E1,5.993851744E1
5.234235375E0,1.721331787E1,-2.477982521E1,-5.173045349E1,5.988637464E1
5.244191375E0,1.713404846E1,-2.443113899E1,-5.163157654E1,5.963451907E1
5.254148375E0,1.760383606E1,-2.427165604E1,-5.167047119E1,5.973981858E1
5.264104375E0,1.797766876E1,-2.389716911E1,-5.165162659E1,5.968384869E1
5.274060375E0,1.811901093E1,-2.373650932E1,-5.144862366E1,5.948681625E1
5.284017250E0,1.840406036E1,-2.357507324E1,-5.167295837E1,5.970417191E1
5.293973250E0,1.842284393E1,-2.331560135E1,-5.163099670E1,5.957162299E1
5.303930250E0,1.856655121E1,-2.320325089E1,-5.160520935E1,5.955002357E1
5.313886250E0,1.876464081E1,-2.296487617E1,-5.158744812E1,5.950430309E1
5.323842250E0,1.898718262E1,-2.283058548E1,-5.164746094E1,5.957523780E1
5.333799250E0,1.938584137E1,-2.250145531E1,-5.125590515E1,5.923929565E1
5.343755250E0,1.987117767E1,-2.206549835E1,-5.148828125E1,5.943730332E1
5.353712250E0,1.996014404E1,-2.168058395E1,-5.174160767E1,5.954535275E1
5.363668250E0,2.019643402E1,-2.154795837E1,-5.201425171E1,5.981381812E1
5.373624250E0,2.014213562E1,-2.150791740E1,-5.188066101E1,5.966489022E1
5.383581250E0,2.008226776E1,-2.122816467E1,-5.147837830E1,5.919422173E1
5.393537250E0,2.025732422E1,-2.077709389E1,-5.144943237E1,5.906852721E1
5.403494250E0,2.063343811E1,-2.048677635E1,-5.137532043E1,5.903279024E1
5.413450250E0,2.056386566E1,-2.022616386E1,-5.086972046E1,5.847819025E1
5.423406250E0,2.061086273E1,-1.988538933E1,-5.117488098E1,5.864388131E1
5.433363250E0,2.077230835E1,-1.972698975E1,-5.128636169E1,5.874464924E1
5.443319250E0,2.094207764E1,-1.953867722E1,-5.129364014E1,5.874834501E1
5.453276250E0,2.123768616E1,-1.904732895E1,-5.156945801E1,5.893427740E1
5.463232250E0,2.137273407E1,-1.896453476E1,-5.132019043E1,5.873848216E1
5.473188250E0,2.143112183E1,-1.869091797E1,-5.131990051E1,5.867176140E1
5.483145250E0,2.151648712E1,-1.844033051E1,-5.138954163E1,5.868466576E1
5.493101250E0,2.166661835E1,-1.810143852E1,-5.137001038E1,5.861725337E1
5.503058250E0,2.183484650E1,-1.782224083E1,-5.135069275E1,5.857718357E1
5.513014250E0,2.207939911E1,-1.744842911E1,-5.118743896E1,5.841319586E1
5.522970250E0,2.217657471E1,-1.705968666E1,-5.122161865E1,5.836512308E1
5.532927250E0,2.246070099E1,-1.704357910E1,-5.104658508E1,5.831569708E1
5.542883250E0,2.272930145E1,-1.675981712E1,-5.128977966E1,5.855044075E1
5.552840250E0,2.277612305E1,-1.657678413E1,-5.136979675E1,5.858666718E1
5.562796250E0,2.272010803E1,-1.651390648E1,-5.155967712E1,5.871382053E1
5.572752250E0,2.288764954E1,-1.612575150E1,-5.156375122E1,5.867456691E1
5.582709250E0,2.287278748E1,-1.599766064E1,-5.148585510E1,5.856520151E1
5.592665250E0,2.326937103E1,-1.585077858E1,-5.151579285E1,5.870764620E1
5.602622250E0,2.324489594E1,-1.570825195E1,-5.126144409E1,5.843637580E1
5.612578250E0,2.329822159E1,-1.559768391E1,-5.112104797E1,5.830485759E1
5.622534250E0,2.336172104E1,-1.514994431E1,-5.093962097E1,5.805287079E1
5.632491250E0,2.316936493E1,-1.500809383E1,-5.088887024E1,5.789420926E1
5.642447250E0,2.323413086E1,-1.482938385E1,-5.079356384E1,5.779032436E1
5.652403250E0,2.328205872E1,-1.430667686E1,-5.079881287E1,5.768235995E1
5.662360250E0,2.342729187E1,-1.426102257E1,-5.084355164E1,5.776920903E1
5.672316250E0,2.350168991E1,-1.396308804E1,-5.141262817E1,5.822847750E1
5.682273250E0,2.350728607E1,-1.411727715E1,-5.138557434E1,5.824403199E1
5.692229250E0,2.351941299E1,-1.383452225E1,-5.128298950E1,5.809046226E1
5.702186250E0,2.330312729E1,-1.371552467E1,-5.122480774E1,5.792350375E1
5.712142250E0,2.372013855E1,-1.351912880E1,-5.119322205E1,5.801859874E1
5.722098250E0,2.366668701E1,-1.324781609E1,-5.130043030E1,5.802887948E1
5.732055250E0,2.361589050E1,-1.300771999E1,-5.102374268E1,5.770904072E1
5.742011250E0,2.350786209E1,-1.250651264E1,-5.110021973E1,5.762173977E1
5.751967250E0,2.349615097E1,-1.244646549E1,-5.146339417E1,5.792637182E1
5.761924250E0,2.347657776E1,-1.234425259E1,-5.109747314E1,5.757153843E1
5.771880250E0,2.336289215E1,-1.214192581E1,-5.115371704E1,5.753219846E1
5.781837250E0,2.379516602E1,-1.181639767E1,-5.112170410E1,5.761306978E1
5.791793250E0,2.388980103E1,-1.140109444E1,-5.155493164E1,5.795358940E1
5.801749250E0,2.398281097E1,-1.123187351E1,-5.143382263E1,5.785126027E1
5.811706250E0,2.412669373E1,-1.090642357E1,-5.126435852E1,5.769819650E1
5.821662250E0,2.424439621E1,-1.051703548E1,-5.138372803E1,5.778136628E1
5.831619250E0,2.428317642E1,-1.021305275E1,-5.129641724E1,5.766542747E1
5.841575250E0,2.418626785E1,-1.005287552E1,-5.136302185E1,5.765583988E1
5.851531250E0,2.448996353E1,-1.008212757E1,-5.101815796E1,5.748269350E1
5.861488250E0,2.442255020E1,-9.748400688E0,-5.085102844E1,5.724787654E1
5.871444250E0,2.445417786E1,-9.519981384E0,-5.118235779E1,5.751756783E1
5.881401250E0,2.431677246E1,-9.299178123E0,-5.126278687E1,5.749481241E1
5.891357250E0,2.460322571E1,-8.972004890E0,-5.125492859E1,5.755765189E1
5.901313250E0,2.417565155E1,-8.928152084E0,-5.153422546E1,5.761901094E1
5.911270250E0,2.454522324E1,-8.471389771E0,-5.076791382E1,5.702292085E1
5.921226250E0,2.442519760E1,-8.492948532E0,-5.106161499E1,5.723643051E1
5.931183250E0,2.434558487E1,-8.313545227E0,-5.097624207E1,5.709991061E1
5.941139250E0,2.459389496E1,-8.086454391E0,-5.107893372E1,5.726524149E1
5.951095250E0,2.473283386E1,-7.832724571E0,-5.109153748E1,5.730104577E1
5.961052250E0,2.452474594E1,-7.739192009E0,-5.102313232E1,5.713771337E1
5.971008250E0,2.447222519E1,-7.480649948E0,-5.095043945E1,5.701576282E1
5.980965250E0,2.436161041E1,-7.242497444E0,-5.078819275E1,5.679244980E1
5.990921250E0,2.429242325E1,-7.207169533E0,-5.113671875E1,5.707038746E1
6.000877250E0,2.426805115E1,-7.354513168E0,-5.125651550E1,5.718616574E1
6.010834250E0,2.465400314E1,-7.235666275E0,-5.142596436E1,5.748742947E1
6.020790250E0,2.442171860E1,-6.858904839E0,-5.121957397E1,5.715688649E1
6.030747250E0,2.470251846E1,-6.778582573E0,-5.124632263E1,5.729178984E1
6.040703250E0,2.467414093E1,-6.655295372E0,-5.125354004E1,5.727155973E1
6.050659250E0,2.464942551E1,-6.301535606E0,-5.132316589E1,5.728325136E1
6.060616250E0,2.464942551E1,-6.301535606E0,-5.132316589E1,5.728325136E1
6.070572250E0,2.432336044E1,-6.003972054E0,-5.081031799E1,5.665123086E1
6.080529250E0,2.453969193E1,-5.804773331E0,-5.098377991E1,5.687914984E1
6.090485250E0,2.446504974E1,-5.535960197E0,-5.105963135E1,5.688823664E1
6.100441250E0,2.419552231E1,-5.320907593E0,-5.117585754E1,5.685687076E1
6.110398250E0,2.422202301E1,-5.023992538E0,-5.092660522E1,5.661683512E1
6.120354250E0,2.435991287E1,-4.814281464E0,-5.064703369E1,5.640660141E1
6.130311250E0,2.434861755E1,-4.693673134E0,-5.125364685E1,5.693700080E1
6.140267250E0,2.422214127E1,-4.412416458E0,-5.111933899E1,5.673947801E1
6.150223250E0,2.451794434E1,-4.174032211E0,-5.089569092E1,5.664736087E1
6.160180250E0,2.460249329E1,-4.029216766E0,-5.121257019E1,5.695827077E1
6.170136250E0,2.430389023E1,-3.792123795E0,-5.109487915E1,5.670754763E1
6.180093250E0,2.392489624E1,-3.809680939E0,-5.095755005E1,5.642327743E1
6.190049250E0,2.409505081E1,-3.451436996E0,-5.070593262E1,5.624567089E1
6.200005250E0,2.419754410E1,-3.220800400E0,-5.084060669E1,5.639735795E1
6.209962250E0,2.416021347E1,-2.946378708E0,-5.098204041E1,5.649394221E1
6.219918250E0,2.395377731E1,-2.854326248E0,-5.092321777E1,5.634806771E1
6.229875250E0,2.402972794E1,-2.849193573E0,-5.062060547E1,5.610696416E1
6.239831250E0,2.408242035E1,-2.688928604E0,-5.042324829E1,5.594369737E1
6.249787250E0,2.432624054E1,-2.549295425E0,-5.077685547E1,5.636092562E1
6.259744250E0,2.394621277E1,-2.503463745E0,-5.046228027E1,5.591180705E1
6.269700250E0,2.383197021E1,-2.485300064E0,-5.031808472E1,5.573194031E1
6.279657250E0,2.376332474E1,-2.214708328E0,-5.067901611E1,5.601752592E1
6.289613625E0,2.382870483E1,-2.050617218E0,-5.052053833E1,5.589576905E1
6.299569625E0,2.377299500E1,-1.872421265E0,-5.058357239E1,5.592279542E1
6.309526625E0,2.380099869E1,-1.378200531E0,-5.056182861E1,5.590067520E1
6.319482625E0,2.382762527E1,-1.239854813E0,-5.049650574E1,5.584970956E1
6.329439625E0,2.344900513E1,-1.088426590E0,-5.057618713E1,5.575832870E1
6.339395625E0,2.363413620E1,-1.076101303E0,-5.041090393E1,5.568653000E1
6.349351625E0,2.339986420E1,-9.335460663E-1,-5.058570862E1,5.574351145E1
6.359308625E0,2.350288773E1,-7.524833679E-1,-5.072186279E1,5.590759633E1
6.369264625E0,2.357181549E1,-5.108394623E-1,-5.066911316E1,5.588604898E1
6.379221625E0,2.363318634E1,-2.510681152E-1,-5.061253357E1,5.585892128E1
6.389177625E0,2.345439148E1,1.535110474E-1,-5.038258362E1,5.557460551E1
6.399133625E0,2.359453583E1,3.604393005E-1,-5.008941650E1,5.536950138E1
6.409090625E0,2.329278564E1,2.727317810E-1,-4.985673523E1,5.503019438E1
6.419046625E0,2.361119843E1,6.497612000E-1,-5.003039551E1,5.532586516E1
6.429003625E0,2.351675415E1,9.079265594E-1,-4.999845886E1,5.526036505E1
6.438959625E0,2.332605743E1,9.786739349E-1,-4.995053101E1,5.513726785E1
6.448915625E0,2.319567871E1,1.104007721E0,-4.995216370E1,5.508608719E1
6.458872625E0,2.327259827E1,1.288867950E0,-5.009072876E1,5.524813226E1
6.468828625E0,2.336092377E1,1.482580185E0,-4.980938721E1,5.503549634E1
6.478785625E0,2.329312515E1,1.745683670E0,-4.984928894E1,5.505060126E1
6.488741625E0,2.336027145E1,2.114566803E0,-4.981687927E1,5.506264737E1
6.498697625E0,2.308157349E1,2.248470306E0,-4.994227600E1,5.506401352E1
6.508654625E0,2.277106476E1,2.287704468E0,-4.971676636E1,5.473126930E1
6.518610625E0,2.284214783E1,2.566019058E0,-4.978846741E1,5.483830466E1
6.528567625E0,2.275829315E1,2.976551056E0,-4.992663574E1,5.494969263E1
6.538523625E0,2.276160431E1,2.992244720E0,-5.016722107E1,5.517059207E1
6.548479625E0,2.283830261E1,3.231164932E0,-4.966932678E1,5.476377010E1
6.558436625E0,2.275707245E1,3.417713165E0,-4.960096741E1,5.467925637E1
6.568392625E0,2.264568329E1,3.858869553E0,-4.929556274E1,5.438538730E1
6.578349625E0,2.231191254E1,3.740650177E0,-4.973767090E1,5.464110002E1
6.588305625E0,2.227013397E1,3.837701797E0,-4.948149109E1,5.439765420E1
6.598261625E0,2.233235168E1,4.034696579E0,-4.926039124E1,5.423650849E1
6.608218625E0,2.204402161E1,4.332443237E0,-4.934004211E1,5.421391619E1
6.618174625E0,2.207772827E1,4.442083359E0,-4.913787842E1,5.405265290E1
6.628131625E0,2.183417511E1,4.578758240E0,-4.939169312E1,5.419626905E1
6.638087625E0,2.187010956E1,4.589014053E0,-4.936723328E1,5.418933902E1
6.648044625E0,2.206423950E1,4.711549759E0,-4.948629761E1,5.438679083E1
6.658000625E0,2.189955902E1,4.881380081E0,-4.950526428E1,5.435245853E1
6.667956625E0,2.172354889E1,4.984262466E0,-4.978565979E1,5.454692814E1
6.677913625E0,2.168843079E1,4.820646286E0,-4.949589539E1,5.425375859E1
6.687869625E0,2.145764923E1,4.998544693E0,-4.938603210E1,5.407768788E1
6.697826625E0,2.134323883E1,5.322305679E0,-4.959002686E1,5.424971470E1
6.707782625E0,2.142544556E1,5.414648056E0,-4.932205200E1,5.404658125E1
6.717738625E0,2.125292206E1,5.426586151E0,-4.955661011E1,5.419402309E1
6.727695625E0,2.120315552E1,5.759460449E0,-4.973544312E1,5.437241479E1
6.737651625E0,2.128772736E1,5.901651382E0,-4.918226624E1,5.391560198E1
6.747608625E0,2.106478119E1,5.838037491E0,-4.917665100E1,5.381589628E1
6.757564625E0,2.099030304E1,5.950639725E0,-4.903517151E1,5.366983305E1
6.767520625E0,2.093969727E1,6.292953491E0,-4.932902527E1,5.395762151E1
6.777477625E0,2.086363220E1,6.497333527E0,-4.944902039E1,5.406211343E1
6.787433625E0,2.086390686E1,6.436124802E0,-4.898789978E1,5.363339106E1
6.797390625E0,2.116658783E1,6.381458282E0,-4.887661743E1,5.364392959E1
6.807346625E0,2.110202026E1,6.501390457E0,-4.909913635E1,5.383575510E1
6.817302625E0,2.091360474E1,6.474983215E0,-4.927920532E1,5.392350460E1
6.827259625E0,2.076756287E1,6.628675461E0,-4.932041931E1,5.392341576E1
6.837215625E0,2.092585754E1,6.988119125E0,-4.973568726E1,5.440922633E1
6.847172625E0,2.088397980E1,6.999139786E0,-4.903598022E1,5.375551996E1
6.857128625E0,2.054399109E1,7.043365479E0,-4.914558411E1,5.373037320E1
6.867084625E0,2.038411713E1,7.114810944E0,-4.902970886E1,5.357280203E1
6.877041625E0,2.045684052E1,7.072858810E0,-4.893603516E1,5.350928137E1
6.886997625E0,2.035887909E1,7.217279434E0,-4.920947266E1,5.374146704E1
6.896954625E0,2.017475128E1,7.371810913E0,-4.886215210E1,5.337484514E1
6.906910625E0,1.998812866E1,7.595403671E0,-4.907611084E1,5.353204741E1
6.916866625E0,2.002222443E1,7.798120499E0,-4.878182983E1,5.330447520E1
6.926823625E0,2.015041351E1,7.980716705E0,-4.879818726E1,5.339470089E1
6.936779625E0,2.000453186E1,8.061153412E0,-4.862133789E1,5.319020575E1
6.946736625E0,1.984581757E1,7.971906662E0,-4.861039734E1,5.310723585E1
6.956692625E0,1.986578369E1,8.244567871E0,-4.860942078E1,5.315541411E1
6.966648625E0,1.975115967E1,8.444581985E0,-4.869984436E1,5.322681762E1
6.976605625E0,1.947277832E1,8.700691223E0,-4.808285522E1,5.260087537E1
6.986561625E0,1.916764832E1,8.731655121E0,-4.798457336E1,5.240381498E1
6.996518625E0,1.913241577E1,8.954671860E0,-4.813583374E1,5.256704263E1
7.006474625E0,1.887338257E1,9.118658066E0,-4.773292542E1,5.213239552E1
7.016430625E0,1.868663788E1,9.391105652E0,-4.765353394E1,5.204077821E1
7.026387625E0,1.853627014E1,9.695503235E0,-4.760145569E1,5.199514090E1
7.036343625E0,1.839766693E1,9.933336258E0,-4.779098511E1,5.216438992E1
7.046300625E0,1.808646393E1,1.019622421E1,-4.749662781E1,5.183640438E1
7.056256625E0,1.810095978E1,1.003197479E1,-4.767886353E1,5.197652634E1
7.066212625E0,1.811563110E1,1.007628822E1,-4.742880249E1,5.176097932E1
7.076169625E0,1.791232300E1,1.018136978E1,-4.704165649E1,5.135590571E1
7.086125625E0,1.803251648E1,1.050857353E1,-4.728831482E1,5.168932662E1
7.096082625E0,1.782402802E1,1.064882278E1,-4.730450439E1,5.166052204E1
7.106038625E0,1.788079071E1,1.079116440E1,-4.716131592E1,5.157869351E1
7.115994625E0,1.756299591E1,1.096169662E1,-4.728369141E1,5.161748823E1
7.125951625E0,1.743497467E1,1.092827415E1,-4.699951172E1,5.130652609E1
7.135907625E0,1.753276062E1,1.104357529E1,-4.702572632E1,5.138849274E1
7.145864625E0,1.735694122E1,1.102439880E1,-4.711518860E1,5.140663162E1
7.155820625E0,1.724821472E1,1.137905884E1,-4.714028931E1,5.147029014E1
7.165776625E0,1.726928711E1,1.151610947E1,-4.715905762E1,5.152500141E1
7.175733625E0,1.698403931E1,1.155557251E1,-4.706997681E1,5.135729319E1
7.185689625E0,1.706871796E1,1.152619743E1,-4.717393494E1,5.147401769E1
7.195646625E0,1.695770264E1,1.158904266E1,-4.666307068E1,5.098344588E1
7.205602625E0,1.693666077E1,1.159212494E1,-4.695092773E1,5.124077921E1
7.215559625E0,1.686306763E1,1.185990906E1,-4.724760437E1,5.154955491E1
7.225515625E0,1.669229126E1,1.217517471E1,-4.691113281E1,5.125935864E1
7.235471625E0,1.657373810E1,1.205172348E1,-4.689884949E1,5.118041536E1
7.245428625E0,1.649799347E1,1.207924652E1,-4.666844177E1,5.095130462E1
7.255384625E0,1.624078369E1,1.226271820E1,-4.637892151E1,5.064722769E1
7.265341625E0,1.606909180E1,1.240683746E1,-4.634375000E1,5.059534061E1
7.275297625E0,1.598117065E1,1.271310043E1,-4.650080872E1,5.078726168E1
7.285253542E0,1.598095703E1,1.244308472E1,-4.628071594E1,5.051857097E1
7.295210542E0,1.557933807E1,1.256346512E1,-4.623048401E1,5.037672163E1
7.305166542E0,1.543945312E1,1.260362244E1,-4.632293701E1,5.042858817E1
7.315123542E0,1.544342041E1,1.293751144E1,-4.617027283E1,5.037432411E1
7.325079542E0,1.526588440E1,1.275548935E1,-4.598426819E1,5.010292063E1
7.335035542E0,1.530673981E1,1.273491669E1,-4.610389709E1,5.021995334E1
7.344992542E0,1.531069946E1,1.290326691E1,-4.615135193E1,5.030764455E1
7.354948542E0,1.517346954E1,1.280781174E1,-4.605780029E1,5.015570942E1
7.364905542E0,1.540557861E1,1.284793091E1,-4.611090088E1,5.028534937E1
7.374861542E0,1.542436218E1,1.301404953E1,-4.636216736E1,5.056408801E1
7.384817542E0,1.552363586E1,1.335537338E1,-4.572811890E1,5.010399312E1
7.394774542E0,1.521257782E1,1.313267899E1,-4.594552612E1,5.014859073E1
7.404730542E0,1.482933807E1,1.304128647E1,-4.592984009E1,4.999534609E1
7.414687542E0,1.492321777E1,1.333668518E1,-4.557278442E1,4.977397192E1
7.424643542E0,1.498571014E1,1.349295807E1,-4.533000183E1,4.961290651E1
7.434600542E0,1.493424988E1,1.358349991E1,-4.545030212E1,4.973201436E1
7.444556542E0,1.484988403E1,1.356956863E1,-4.540579224E1,4.966224136E1
7.454512542E0,1.477012634E1,1.368037415E1,-4.569264221E1,4.993122091E1
7.464469542E0,1.444569397E1,1.365503693E1,-4.561953735E1,4.976223765E1
7.474425542E0,1.446783447E1,1.382298660E1,-4.552212524E1,4.972581904E1
7.484382542E0,1.414939880E1,1.388022614E1,-4.554568481E1,4.967167774E1
7.494338542E0,1.407392883E1,1.412518692E1,-4.511007690E1,4.932053747E1
7.504294542E0,1.387454224E1,1.415946960E1,-4.505140686E1,4.922014589E1
7.514251542E0,1.381980133E1,1.426995087E1,-4.533419800E1,4.949553429E1
7.524207542E0,1.350276947E1,1.421847534E1,-4.541984558E1,4.947173129E1
7.534164542E0,1.323398590E1,1.449986649E1,-4.487493896E1,4.898106428E1
7.544120542E0,1.352909851E1,1.447891617E1,-4.494247437E1,4.911722225E1
7.554076542E0,1.361881256E1,1.473933792E1,-4.467332458E1,4.897372834E1
7.564033542E0,1.346926117E1,1.480281067E1,-4.462019348E1,4.890302513E1
7.573989542E0,1.326058960E1,1.486638641E1,-4.462362671E1,4.886840229E1
7.583946542E0,1.318673706E1,1.471923447E1,-4.456916809E1,4.875404231E1
7.593902542E0,1.331732941E1,1.480861664E1,-4.485466003E1,4.907735645E1
7.603858542E0,1.326220703E1,1.497882462E1,-4.459140015E1,4.887375870E1
7.613815542E0,1.336924744E1,1.495783234E1,-4.469239807E1,4.898861062E1
7.623771542E0,1.297773743E1,1.506365585E1,-4.469836426E1,4.892115252E1
7.633728542E0,1.316257477E1,1.507649612E1,-4.491056824E1,4.916821381E1
7.643684542E0,1.311024475E1,1.486688614E1,-4.483180237E1,4.901829581E1
7.653640542E0,1.273571014E1,1.481302261E1,-4.455651855E1,4.865087150E1
7.663597542E0,1.273408508E1,1.483506012E1,-4.463702393E1,4.873089202E1
7.673553542E0,1.275119781E1,1.498570633E1,-4.464314270E1,4.878703342E1
7.683510542E0,1.274642944E1,1.526688766E1,-4.447253418E1,4.871709781E1
7.693466542E0,1.271942139E1,1.537669373E1,-4.450421143E1,4.877346845E1
7.703423542E0,1.226178741E1,1.530978012E1,-4.444018555E1,4.857644377E1
7.713379542E0,1.194126129E1,1.535388184E1,-4.422576904E1,4.831411860E1
7.723335542E0,1.199467468E1,1.546526718E1,-4.390615845E1,4.807075472E1
7.733292542E0,1.192089081E1,1.571717834E1,-4.365974426E1,4.790939993E1
7.743248542E0,1.175874329E1,1.584920883E1,-4.409417725E1,4.830902536E1
7.753205542E0,1.164957428E1,1.607518387E1,-4.371104431E1,4.800811923E1
7.763161542E0,1.159166718E1,1.623078918E1,-4.339305115E1,4.775732565E1
7.773117542E0,1.157767487E1,1.602806854E1,-4.333277893E1,4.763057071E1
7.783074542E0,1.158172607E1,1.612927628E1,-4.326264954E1,4.760196190E1
7.793030542E0,1.133047485E1,1.602532196E1,-4.315100098E1,4.740463574E1
7.802987542E0,1.140541077E1,1.614154053E1,-4.327471924E1,4.757451051E1
7.812943542E0,1.140403748E1,1.596745300E1,-4.356729126E1,4.778201015E1
7.822899542E0,1.141002655E1,1.587651062E1,-4.331044006E1,4.751890691E1
7.832856542E0,1.133795166E1,1.581998825E1,-4.350184631E1,4.765744232E1
7.842812542E0,1.127715302E1,1.589253998E1,-4.353814697E1,4.770028563E1
7.852769542E0,1.134042358E1,1.610850906E1,-4.337207031E1,4.763639107E1
7.862725542E0,1.135758972E1,1.609272003E1,-4.364466858E1,4.788347917E1
7.872682542E0,1.126358795E1,1.620016098E1,-4.348863220E1,4.775536368E1
7.882638542E0,1.113714600E1,1.598102570E1,-4.344328308E1,4.761037753E1
7.892594542E0,1.136626434E1,1.615370941E1,-4.337770081E1,4.766297536E1
7.902551542E0,1.105176544E1,1.648500443E1,-4.332551575E1,4.765498090E1
7.912507542E0,1.091145325E1,1.653934097E1,-4.330128479E1,4.761943801E1
7.922464542E0,1.101695251E1,1.667215347E1,-4.346617126E1,4.783975322E1
7.932420542E0,1.051084137E1,1.677747726E1,-4.306382751E1,4.739678016E1
7.942376542E0,1.048607635E1,1.684151459E1,-4.279269409E1,4.716788185E1
7.952333542E0,1.023170471E1,1.692150116E1,-4.246351624E1,4.684202380E1
7.962289542E0,1.023170471E1,1.692150116E1,-4.246351624E1,4.684202380E1
7.972246542E0,9.838714600E0,1.688816833E1,-4.203451538E1,4.635634820E1
7.982202542E0,9.728446960E0,1.707402420E1,-4.212319946E1,4.648149003E1
7.992158542E0,9.722244263E0,1.736400604E1,-4.193682861E1,4.641905141E1
8.002115542E0,9.464622498E0,1.737463379E1,-4.210221863E1,4.651939157E1
8.012071542E0,9.136238098E0,1.753865814E1,-4.136317444E1,4.584743805E1
8.022028542E0,9.097526550E0,1.744873810E1,-4.168196106E1,4.609348466E1
8.031984542E0,8.771881104E0,1.762289810E1,-4.115847778E1,4.562381756E1
8.041941542E0,8.814460754E0,1.767033768E1,-4.123992920E1,4.572381559E1
8.051897542E0,8.572471619E0,1.752334976E1,-4.130154419E1,4.567682792E1
8.061853542E0,8.646026611E0,1.769348526E1,-4.138584900E1,4.583232150E1
8.071810542E0,8.542831421E0,1.771205139E1,-4.105310059E1,4.551981767E1
8.081766542E0,8.318000793E0,1.801414108E1,-4.096397400E1,4.551643200E1
8.091723542E0,8.369491577E0,1.802256012E1,-4.106787109E1,4.562270376E1
8.101679542E0,7.911415100E0,1.784326935E1,-4.106860352E1,4.547090218E1
8.111635542E0,7.728103638E0,1.779921722E1,-4.096308899E1,4.532670713E1
8.121592542E0,7.820640564E0,1.806821442E1,-4.110995483E1,4.558125906E1
8.131548542E0,7.709068298E0,1.812712097E1,-4.124574280E1,4.570813437E1
8.141505542E0,7.311309814E0,1.828086090E1,-4.106991577E1,4.554539612E1
8.151461542E0,7.179351807E0,1.828418350E1,-4.082113647E1,4.530143090E1
8.161418542E0,6.963813782E0,1.829943085E1,-4.062887573E1,4.510065870E1
8.171374542E0,6.895858765E0,1.827767944E1,-4.053788757E1,4.499940847E1
8.181330542E0,6.858283997E0,1.826424026E1,-4.059449768E1,4.503922484E1
8.191287542E0,6.841567993E0,1.849760056E1,-4.069738770E1,4.522439214E1
8.201243542E0,6.363220215E0,1.875407410E1,-4.086865234E1,4.541423357E1
8.211200542E0,6.356445312E0,1.885071182E1,-4.086483765E1,4.544984806E1
8.221156542E0,6.192527771E0,1.887530136E1,-4.101255798E1,4.557032273E1
8.231112542E0,5.827194214E0,1.875449753E1,-4.065223694E1,4.514744442E1
8.241069542E0,6.012931824E0,1.885299683E1,-4.071408081E1,4.526839090E1
8.251025542E0,5.551414490E0,1.893228149E1,-4.023725891E1,4.481390956E1
8.260982542E0,5.629692078E0,1.899691391E1,-4.057406616E1,4.515341644E1
8.270938542E0,5.464797974E0,1.901331329E1,-4.030238342E1,4.489601551E1
8.280894542E0,5.405868530E0,1.889128876E1,-4.028031921E1,4.481750017E1
8.290851417E0,5.433280945E0,1.908551025E1,-4.001965332E1,4.466933954E1
8.300807417E0,5.297462463E0,1.933969879E1,-4.049859619E1,4.519096537E1
8.310764417E0,5.308685303E0,1.932885361E1,-4.022038269E1,4.493846799E1
8.320720417E0,5.113906860E0,1.930914307E1,-4.013035583E1,4.482678339E1
8.330677417E0,4.939193726E0,1.932273483E1,-4.011714172E1,4.480121400E1
8.340633417E0,4.512176514E0,1.920473480E1,-4.007807922E1,4.467028106E1
8.350589417E0,4.679107666E0,1.920789337E1,-3.993302917E1,4.455877058E1
8.360546417E0,4.397773743E0,1.927761841E1,-4.014039612E1,4.474615498E1
8.370502417E0,4.348999023E0,1.938739014E1,-4.005354309E1,4.471097184E1
8.380459417E0,4.112716675E0,1.933670807E1,-4.027377319E1,4.486423436E1
8.390415417E0,4.029205322E0,1.947388458E1,-4.038053894E1,4.501171627E1
8.400371417E0,3.963813782E0,1.956652451E1,-4.001454163E1,4.471827638E1
8.410328417E0,3.920097351E0,1.966681290E1,-3.998287964E1,4.473009453E1
8.420284417E0,3.874588013E0,1.952801514E1,-3.950166321E1,4.423502237E1
8.430241417E0,3.812316895E0,1.969285583E1,-3.986720276E1,4.462887167E1
8.440197417E0,3.647514343E0,1.965138626E1,-3.990089417E1,4.462692795E1
8.450153417E0,3.575439453E0,1.977247620E1,-3.991793823E1,4.468977931E1
8.460110417E0,3.441024780E0,1.970012665E1,-3.967514038E1,4.443030954E1
8.470066417E0,3.606491089E0,1.953251648E1,-4.000421143E1,4.466388821E1
8.480023417E0,3.470748901E0,1.972834778E1,-3.974028015E1,4.450329955E1
8.489979417E0,3.131782532E0,1.982447433E1,-4.003785706E1,4.478669269E1
8.499936417E0,3.137153625E0,1.991811371E1,-3.976901245E1,4.458864584E1
8.509892417E0,3.320152283E0,1.975957489E1,-3.942895508E1,4.422789515E1
8.519848417E0,3.142425537E0,1.984275055E1,-3.979956055E1,4.458267160E1
8.529805417E0,2.943107605E0,1.976314545E1,-3.997128296E1,4.468721586E1
8.539761417E0,2.947158813E0,1.982681274E1,-4.012005615E1,4.484871408E1
8.549718417E0,2.919380188E0,1.987758255E1,-4.000007629E1,4.476211760E1
8.559674417E0,2.932044983E0,1.991828537E1,-3.969091797E1,4.450510026E1
8.569631417E0,2.810066223E0,1.993925858E1,-3.981365967E1,4.461611817E1
8.579587417E0,2.625595093E0,1.996032333E1,-3.985708618E1,4.465305786E1
8.589543417E0,2.664550781E0,2.018461609E1,-4.006590271E1,4.494213076E1
8.599500417E0,2.465141296E0,2.013520050E1,-4.001379395E1,4.486208785E1
8.609456417E0,2.384101868E0,2.012170410E1,-4.033251953E1,4.513622768E1
8.619413417E0,2.133735657E0,2.033818817E1,-4.028982544E1,4.518257142E1
8.629369417E0,1.788269043E0,2.005409241E1,-4.005334473E1,4.482895217E1
8.639325417E0,1.498901367E0,2.009652328E1,-3.979681396E1,4.460833280E1
8.649282417E0,1.218193054E0,2.021415710E1,-3.971516418E1,4.458015711E1
8.659238417E0,7.584915161E-1,2.040179062E1,-3.928979492E1,4.427749264E1
8.669195417E0,6.442260742E-1,2.051963043E1,-3.912182617E1,4.418130310E1
8.679151417E0,-1.441955566E-3,2.048806763E1,-3.950297546E1,4.449995492E1
8.689108417E0,4.734039307E-2,2.057403183E1,-3.929415894E1,4.435452574E1
8.699064417E0,-1.220245361E-1,2.067504120E1,-3.942864990E1,4.452067668E1
8.709020417E0,-4.056167603E-1,2.080702209E1,-3.966119385E1,4.478958574E1
8.718977417E0,-1.022346497E0,2.075495148E1,-3.938758850E1,4.453308131E1
8.728933417E0,-1.096191406E0,2.063766479E1,-3.951551819E1,4.459362086E1
8.738890417E0,-1.014617920E0,2.072357178E1,-3.922566223E1,4.437508822E1
8.748846417E0,-1.172805786E0,2.072203445E1,-3.947257996E1,4.459666752E1
8.758802417E0,-1.380355835E0,2.081678391E1,-3.975733948E1,4.489866275E1
8.768759417E0,-1.405937195E0,2.094287872E1,-3.963356018E1,4.484863344E1
8.778715417E0,-1.254562378E0,2.072713089E1,-3.984138489E1,4.492798495E1
8.788672417E0,-1.216567993E0,2.076329422E1,-3.994883728E1,4.503891678E1
8.798628417E0,-1.080123901E0,2.083934402E1,-3.980737305E1,4.494520971E1
8.808584417E0,-1.076820374E0,2.081653595E1,-3.996073914E1,4.507048240E1
8.818541417E0,-1.385078430E0,2.076409149E1,-3.971478271E1,4.483670264E1
8.828497417E0,-1.190849304E0,2.082933044E1,-3.971293640E1,4.485974193E1
8.838454417E0,-1.312271118E0,2.074881363E1,-3.982226562E1,4.492269095E1
8.848410417E0,-1.350791931E0,2.068855286E1,-3.983583069E1,4.490806459E1
8.858367417E0,-1.311660767E0,2.081885529E1,-4.026931763E1,4.535155049E1
8.868323417E0,-1.373123169E0,2.068848038E1,-3.992236328E1,4.498548408E1
8.878279417E0,-1.449836731E0,2.053016281E1,-4.021571350E1,4.517624624E1
8.888236417E0,-1.405723572E0,2.076861572E1,-4.016696167E1,4.524042736E1
8.898192417E0,-1.460922241E0,2.066920471E1,-3.989443970E1,4.495460639E1
8.908149417E0,-1.409095764E0,2.081084061E1,-3.989253235E1,4.501656112E1
8.918105417E0,-1.177482605E0,2.085980606E1,-4.030409241E1,4.539755323E1
8.928062417E0,-1.174697876E0,2.045014954E1,-4.003512573E1,4.497109987E1
8.938018417E0,-1.101852417E0,2.041539383E1,-4.012896729E1,4.503705585E1
8.947974417E0,-1.185073853E0,2.044801712E1,-4.018751526E1,4.510612139E1
8.957931417E0,-1.327667236E0,2.031025314E1,-4.025650024E1,4.510936593E1
8.967887417E0,-1.384925842E0,2.050267029E1,-4.003829956E1,4.500381029E1
8.977844417E0,-1.177185059E0,2.070085144E1,-3.985812378E1,4.492862168E1
8.987800417E0,-9.531097412E-1,2.074046707E1,-3.996647644E1,4.503770233E1
8.997756417E0,-9.584960938E-1,2.054953384E1,-3.994273376E1,4.492910011E1
9.007713417E0,-1.237686157E0,2.067205048E1,-4.010771179E1,4.513860967E1
9.017669417E0,-1.358566284E0,2.084262848E1,-4.003036499E1,4.515186580E1
9.027626417E0,-1.369194031E0,2.066363525E1,-3.979286194E1,4.485902780E1
9.037582417E0,-1.374542236E0,2.083229828E1,-3.989135742E1,4.502437579E1
9.047538417E0,-1.508506775E0,2.070824432E1,-4.002197266E1,4.508730720E1
9.057495417E0,-1.307098389E0,2.068009567E1,-4.015373230E1,4.518514226E1
9.067451417E0,-1.316917419E0,2.052407455E1,-4.000274658E1,4.497990264E1
9.077408417E0,-1.358375549E0,2.034431458E1,-4.025788879E1,4.512686483E1
9.087364417E0,-1.595024109E0,2.037076569E1,-4.004359436E1,4.495555189E1
9.097321417E0,-1.413917542E0,2.050832367E1,-3.991683960E1,4.489927155E1
9.107277417E0,-1.406158447E0,2.037280655E1,-3.968823242E1,4.463389207E1
9.117233417E0,-1.270530701E0,2.048252106E1,-3.949307251E1,4.450674885E1
9.127190417E0,-1.154190063E0,2.055460358E1,-3.939402771E1,4.444899664E1
9.137146417E0,-1.165382385E0,2.036857986E1,-3.963783264E1,4.458020792E1
9.147103417E0,-1.151138306E0,2.047726822E1,-4.005990601E1,4.500488532E1
9.157059417E0,-1.072975159E0,2.065058899E1,-3.981207275E1,4.486200217E1
9.167016417E0,-1.112411499E0,2.067618561E1,-3.975451660E1,4.482369575E1
9.176972417E0,-1.396301270E0,2.068931198E1,-4.015737915E1,4.519526953E1
9.186928417E0,-1.408012390E0,2.054935074E1,-4.019755554E1,4.516748594E1
9.196885417E0,-1.531417847E0,2.048817444E1,-4.008982849E1,4.504780662E1
9.206841417E0,-1.323593140E0,2.052892303E1,-4.002029419E1,4.499791692E1
9.216798417E0,-1.354629517E0,2.058287430E1,-4.031617737E1,4.528668560E1
9.226754417E0,-1.522094727E0,2.065939331E1,-4.051103210E1,4.550023106E1
9.236711417E0,-1.447776794E0,2.063718033E1,-4.017541504E1,4.518908323E1
9.246667417E0,-1.693908691E0,2.043177032E1,-3.996841431E1,4.491993664E1
9.256623417E0,-1.431144714E0,2.050306702E1,-3.990522766E1,4.488709310E1
9.266580417E0,-1.517486572E0,2.059030914E1,-3.966882324E1,4.472000820E1
9.276536417E0,-1.588981628E0,2.054994583E1,-3.990197754E1,4.491094463E1
9.286493625E0,-1.280700684E0,2.046679688E1,-4.007727051E1,4.501908018E1
9.296449625E0,-1.319656372E0,2.059967804E1,-3.985888672E1,4.488673611E1
9.306405625E0,-1.297782898E0,2.072458267E1,-3.955468750E1,4.467399546E1
9.316362625E0,-1.547332764E0,2.055753326E1,-3.959225464E1,4.463802236E1
9.326318625E0,-1.723304749E0,2.053507233E1,-3.982669067E1,4.484221521E1
9.336275625E0,-1.438919067E0,2.066528320E1,-4.017031860E1,4.519711180E1
9.346231625E0,-1.239044189E0,2.060080338E1,-4.038371277E1,4.535165473E1
9.356188625E0,-1.554542542E0,2.063330841E1,-4.003448486E1,4.506561879E1
9.366144625E0,-1.519477844E0,2.067271042E1,-4.030441284E1,4.532235060E1
9.376100625E0,-1.445060730E0,2.069362640E1,-4.041702271E1,4.542961698E1
9.386057625E0,-1.458015442E0,2.052283859E1,-4.036967468E1,4.531030067E1
9.396013625E0,-1.555046082E0,2.080252075E1,-4.017405701E1,4.526718342E1
9.405970625E0,-1.633277893E0,2.071321869E1,-4.026435852E1,4.530919986E1
9.415926625E0,-1.473098755E0,2.083504486E1,-4.016972351E1,4.527555412E1
9.425882625E0,-1.552482605E0,2.066238022E1,-4.007646179E1,4.511614953E1
9.435839625E0,-1.447364807E0,2.064106369E1,-4.032037354E1,4.531976277E1
9.445795625E0,-1.512161255E0,2.069982910E1,-4.020974731E1,4.525034072E1
9.455752625E0,-1.464508057E0,2.053616714E1,-4.029235840E1,4.524768602E1
9.465708625E0,-1.642173767E0,2.071294785E1,-4.015344238E1,4.521086018E1
9.475665625E0,-1.575981140E0,2.067271423E1,-3.984640503E1,4.491748907E1
9.485621625E0,-1.434906006E0,2.071883392E1,-3.984416199E1,4.493201842E1
9.495577625E0,-1.437141418E0,2.058266068E1,-3.998974609E1,4.499878986E1
9.505534625E0,-1.240165710E0,2.056322861E1,-3.972348022E1,4.474750566E1
9.515490625E0,-1.269508362E0,2.061965561E1,-3.951921082E1,4.459315948E1
9.525447625E0,-1.256736755E0,2.042926025E1,-3.974894714E1,4.470920331E1
9.535403625E0,-1.210365295E0,2.057982635E1,-3.977781677E1,4.480255511E1
9.545360625E0,-1.293914795E0,2.063639832E1,-3.986914062E1,4.491195303E1
9.555316625E0,-1.243095398E0,2.058189392E1,-4.028129578E1,4.525198817E1
9.565272625E0,-1.333686829E0,2.065885162E1,-4.037240601E1,4.537067376E1
9.575229625E0,-1.273841858E0,2.068525314E1,-4.057363892E1,4.556009817E1
9.585185625E0,-1.221839905E0,2.098120880E1,-4.017604065E1,4.534113207E1
9.595142625E0,-1.585197449E0,2.094964600E1,-3.994129944E1,4.512990050E1
9.605098625E0,-1.328079224E0,2.088173676E1,-3.949015808E1,4.469097571E1
9.615054625E0,-1.358810425E0,2.071866989E1,-3.959313965E1,4.470711750E1
9.625011625E0,-1.259674072E0,2.065603638E1,-4.009312439E1,4.511892331E1
9.634967625E0,-1.448036194E0,2.061962128E1,-3.991363525E1,4.494845792E1
9.644924625E0,-1.440261841E0,2.059240341E1,-3.956613159E1,4.462734814E1
9.654880625E0,-1.466911316E0,2.057133865E1,-3.954667664E1,4.460124926E1
9.664837625E0,-1.364639282E0,2.059311295E1,-3.938687134E1,4.446643875E1
9.674793625E0,-1.408538818E0,2.074342346E1,-3.948101807E1,4.462089629E1
9.684749625E0,-1.342636108E0,2.053770065E1,-3.959124756E1,4.462137048E1
9.694706625E0,-1.242835999E0,2.066460037E1,-3.914241028E1,4.427977679E1
9.704662625E0,-1.274002075E0,2.079958344E1,-3.973109436E1,4.486430219E1
9.714619625E0,-1.269294739E0,2.070327759E1,-3.965170288E1,4.474923858E1
9.724575625E0,-1.116516113E0,2.061035919E1,-3.958142090E1,4.463991929E1
9.734532625E0,-1.309692383E0,2.085594177E1,-3.928056335E1,4.449323835E1
9.744488625E0,-1.348350525E0,2.069564056E1,-3.920262146E1,4.435057065E1
9.754444625E0,-1.280059814E0,2.074925613E1,-3.940020752E1,4.454824953E1
9.764401625E0,-1.203903198E0,2.072165680E1,-3.969026184E1,4.479010302E1
9.774357625E0,-1.156509399E0,2.078380585E1,-3.962539673E1,4.476020739E1
9.784314625E0,-1.238479614E0,2.082139587E1,-3.951130676E1,4.467894045E1
9.794270625E0,-1.288276672E0,2.084868622E1,-3.971853638E1,4.487638027E1
9.804227625E0,-1.066154480E0,2.081406784E1,-3.964189148E1,4.478662373E1
9.814183625E0,-1.171470642E0,2.092998886E1,-3.965802002E1,4.485750025E1
9.824139625E0,-1.316307068E0,2.076460266E1,-3.948103333E1,4.462794394E1
9.834096625E0,-9.735565186E-1,2.062564087E1,-3.952090454E1,4.458998508E1
9.844052625E0,-9.735565186E-1,2.062564087E1,-3.952090454E1,4.458998508E1
9.854009625E0,-1.304206848E0,2.078495026E1,-3.962005615E1,4.476007107E1
9.863965625E0,-1.086257935E0,2.066407013E1,-3.995072937E1,4.499160508E1
9.873921625E0,-1.147232056E0,2.082491302E1,-3.986572266E1,4.499187690E1
9.883878625E0,-1.338256836E0,2.070117569E1,-3.959780884E1,4.470252869E1
9.893834625E0,-1.392372131E0,2.065076447E1,-3.954919434E1,4.463778160E1
9.903791625E0,-1.118263245E0,2.052993011E1,-3.987364197E1,4.486241040E1
9.913747625E0,-1.132652283E0,2.058914566E1,-3.990533447E1,4.491805360E1
9.923704625E0,-1.071182251E0,2.056468201E1,-3.995150757E1,4.494637399E1
9.933660625E0,-1.028770447E0,2.077477264E1,-3.976033020E1,4.487241251E1
9.943616625E0,-1.203872681E0,2.067454910E1,-3.976733398E1,4.483667185E1
9.953573625E0,-1.125946045E0,2.080683899E1,-3.970391846E1,4.483964144E1
9.963529625E0,-1.045623779E0,2.063916779E1,-3.980175781E1,4.484694528E1
9.973486625E0,-1.075225830E0,2.051198959E1,-3.997145081E1,4.494012358E1
9.983442625E0,-1.269943237E0,2.059911346E1,-3.956932068E1,4.462810068E1
9.993399625E0,-1.302612305E0,2.066555405E1,-3.972218323E1,4.479524264E1
1.000335563E1,-1.358352661E0,2.048003006E1,-3.984118652E1,4.481737271E1
1.001331163E1,-1.367797852E0,2.046171188E1,-4.006434631E1,4.500782565E1
1.002326863E1,-1.116935730E0,2.045791626E1,-3.950236511E1,4.449955879E1
1.003322463E1,-1.221267700E0,2.044797134E1,-3.986672974E1,4.482150340E1
1.004318163E1,-1.219146729E0,2.032529449E1,-3.957115173E1,4.450258380E1
1.005313763E1,-1.087272644E0,2.041485596E1,-3.980523682E1,4.474824447E1
1.006309463E1,-9.642639160E-1,2.037034225E1,-3.978591919E1,4.470794129E1
1.007305063E1,-1.143157959E0,2.053684616E1,-3.990383911E1,4.489304218E1
1.008300663E1,-1.181152344E0,2.061468124E1,-3.998915100E1,4.500547079E1
1.009296363E1,-9.698791504E-1,2.065517044E1,-3.976721191E1,4.482195751E1
1.010291963E1,-1.015144348E0,2.051811600E1,-3.991906738E1,4.489493894E1
1.011287663E1,-1.314559937E0,2.061291885E1,-3.969476318E1,4.474700790E1
1.012283262E1,-1.036720276E0,2.057746124E1,-4.000674438E1,4.500051440E1
1.013278963E1,-1.031784058E0,2.062535477E1,-4.008416748E1,4.509113350E1
1.014274562E1,-1.040588379E0,2.086191177E1,-4.022334290E1,4.532349833E1
1.015270163E1,-1.314781189E0,2.061618042E1,-4.017170715E1,4.517213301E1
1.016265863E1,-1.390068054E0,2.068852234E1,-3.979649353E1,4.487435953E1
1.017261463E1,-1.328926086E0,2.070881653E1,-3.967372131E1,4.477304199E1
1.018257163E1,-1.396583557E0,2.056245422E1,-3.948611450E1,4.454119675E1
1.019252763E1,-1.388671875E0,2.064002228E1,-3.933303833E1,4.444127399E1
1.020248463E1,-1.260543823E0,2.067306137E1,-3.947441101E1,4.457794928E1
1.021244063E1,-1.349571228E0,2.070888901E1,-3.943362427E1,4.456108335E1
1.022239663E1,-1.445236206E0,2.071438217E1,-4.014231873E1,4.519491220E1
1.023235363E1,-1.172714233E0,2.087385559E1,-4.030722046E1,4.540666391E1
1.024230963E1,-1.138916016E0,2.065855789E1,-4.017272949E1,4.518762373E1
1.025226663E1,-1.017074585E0,2.046997070E1,-4.001557922E1,4.495887812E1
1.026222263E1,-1.168045044E0,2.047432709E1,-4.005827332E1,4.500252948E1
1.027217962E1,-1.345100403E0,2.062240982E1,-3.993890381E1,4.496897952E1
1.028213563E1,-1.343940735E0,2.068208313E1,-3.987484741E1,4.493949483E1
1.029209113E1,-1.084335327E0,2.066329575E1,-3.946531677E1,4.456073162E1
1.030204813E1,-1.084495544E0,2.076998138E1,-3.957406616E1,4.470654281E1
1.031200413E1,-1.127929688E0,2.073423767E1,-3.985008240E1,4.493561955E1
1.032196113E1,-1.189765930E0,2.068955994E1,-3.966226196E1,4.475006656E1
1.033191713E1,-9.799957275E-1,2.086331940E1,-3.987940979E1,4.501783883E1
1.034187312E1,-1.311920166E0,2.096060944E1,-4.008493042E1,4.525339688E1
1.035183013E1,-1.041496277E0,2.079505157E1,-3.980987549E1,4.492599549E1
1.036178612E1,-1.132621765E0,2.078642273E1,-3.970625305E1,4.483240718E1
1.037174313E1,-1.039772034E0,2.077261353E1,-3.973638916E1,4.485045398E1
1.038169913E1,-1.048995972E0,2.083611298E1,-3.988945007E1,4.501568864E1
1.039165613E1,-1.127868652E0,2.078653717E1,-3.959480286E1,4.473366326E1
1.040161213E1,-1.041732788E0,2.077702332E1,-4.018455505E1,4.525006486E1
1.041156913E1,-1.312141418E0,2.052167511E1,-4.012738037E1,4.508955001E1
1.042152513E1,-1.294250488E0,2.066119766E1,-4.016233826E1,4.518377571E1
1.043148113E1,-1.125167847E0,2.077542114E1,-3.991275024E1,4.501012951E1
1.044143813E1,-1.087112427E0,2.073231506E1,-4.007751465E1,4.513555009E1
1.045139413E1,-1.110893250E0,2.087619781E1,-3.972523499E1,4.489035546E1
1.046135113E1,-1.128524780E0,2.087495804E1,-4.000942993E1,4.514190874E1
1.047130713E1,-1.141494751E0,2.099593735E1,-4.024108887E1,4.540349798E1
1.048126413E1,-1.051757812E0,2.089266205E1,-4.000169373E1,4.514138924E1
1.049122012E1,-9.314270020E-1,2.081300354E1,-4.011149597E1,4.519934493E1
1.050117613E1,-1.025398254E0,2.086523819E1,-4.002447510E1,4.514829136E1
1.051113312E1,-8.258132935E-1,2.067018890E1,-4.029368591E1,4.529370598E1
1.052108913E1,-1.057945251E0,2.074571228E1,-4.013206482E1,4.518945068E1
1.053104613E1,-9.491577148E-1,2.065397263E1,-3.995579529E1,4.498836586E1
1.054100213E1,-9.979019165E-1,2.063890076E1,-3.971276855E1,4.476677360E1
1.055095813E1,-1.233787537E0,2.086298370E1,-3.961041260E1,4.478583601E1
1.056091513E1,-1.280189514E0,2.090914154E1,-3.967318726E1,4.486416022E1
1.057087113E1,-1.382743835E0,2.085914230E1,-3.985885620E1,4.500826831E1
1.058082813E1,-1.060211182E0,2.104084015E1,-3.974038696E1,4.497932145E1
1.059078413E1,-1.113822937E0,2.108000183E1,-3.998924255E1,4.521887436E1
1.060074113E1,-1.009925842E0,2.093272400E1,-4.014628601E1,4.528711919E1
1.061069713E1,-1.082984924E0,2.097517776E1,-4.006530762E1,4.523670869E1
1.062065313E1,-1.169715881E0,2.097473907E1,-4.006727600E1,4.524040805E1
1.063061013E1,-1.021705627E0,2.092128754E1,-4.029081726E1,4.541028639E1
1.064056613E1,-9.748687744E-1,2.094193649E1,-3.980067444E1,4.498453911E1
1.065052313E1,-1.148223877E0,2.070976639E1,-3.995429993E1,4.501731805E1
1.066047913E1,-1.407264709E0,2.065856934E1,-3.992579651E1,4.497583916E1
1.067043613E1,-1.102264404E0,2.070031357E1,-4.002690125E1,4.507627749E1
1.068039213E1,-1.210731506E0,2.076711273E1,-3.988662720E1,4.498535174E1
1.069034813E1,-1.299400330E0,2.080760574E1,-4.005970764E1,4.515999418E1
1.070030513E1,-1.091278076E0,2.060683441E1,-4.022735596E1,4.521142200E1
1.071026113E1,-1.057327271E0,2.070143890E1,-4.002699280E1,4.507579912E1
1.072021813E1,-1.104835510E0,2.062006378E1,-4.001638794E1,4.503020093E1
1.073017412E1,-1.192695618E0,2.066732407E1,-3.987528992E1,4.492882764E1
1.074013113E1,-1.105140686E0,2.043140030E1,-3.963645935E1,4.460619199E1
1.075008712E1,-1.281761169E0,2.046832657E1,-3.996136475E1,4.491665589E1
1.076004313E1,-1.300010681E0,2.054511642E1,-3.961912537E1,4.464825788E1
1.077000013E1,-9.837875366E-1,2.056060791E1,-3.983029175E1,4.483479203E1
1.077995613E1,-1.064285278E0,2.047498322E1,-4.009695435E1,4.503469095E1
1.078991313E1,-1.086326599E0,2.052324677E1,-3.986462402E1,4.485055197E1
1.079986913E1,-1.223968506E0,2.066022491E1,-3.984025574E1,4.489531122E1
1.080982613E1,-1.256904602E0,2.055416870E1,-3.980320740E1,4.481460676E1
1.081978213E1,-1.461349487E0,2.065908051E1,-3.963731384E1,4.472191631E1
1.082973913E1,-1.105285645E0,2.058245468E1,-4.001477051E1,4.501156469E1
1.083969513E1,-9.369354248E-1,2.043592072E1,-3.958407593E1,4.455786991E1
1.084965113E1,-1.022819519E0,2.083617020E1,-3.968521118E1,4.483422950E1
1.085960812E1,-1.024040222E0,2.084868622E1,-4.019223022E1,4.528942201E1
1.086956413E1,-1.101989746E0,2.085054779E1,-4.004595947E1,4.516235816E1
1.087952112E1,-1.331283569E0,2.083603668E1,-4.010392761E1,4.521324751E1
1.088947713E1,-1.141723633E0,2.069229889E1,-4.019683838E1,4.522455729E1
1.089943413E1,-1.128921509E0,2.062489700E1,-4.012205505E1,4.512693366E1
1.090939013E1,-1.268150330E0,2.054500198E1,-4.009191895E1,4.506736376E1
1.091934613E1,-1.194664001E0,2.053153992E1,-3.973730469E1,4.474399107E1
1.092930313E1,-1.316085815E0,2.061745834E1,-3.998974609E1,4.501101491E1
1.093925913E1,-1.402503967E0,2.071745300E1,-3.996203613E1,4.503492210E1
1.094921613E1,-1.133621216E0,2.084797668E1,-3.963050842E1,4.479397757E1
1.095917213E1,-9.757156372E-1,2.068948746E1,-4.005882263E1,4.509674249E1
1.096912913E1,-1.332901001E0,2.081186295E1,-4.011547852E1,4.521240848E1
1.097908513E1,-1.128143311E0,2.069652176E1,-4.009547424E1,4.513608063E1
1.098904112E1,-1.348083496E0,2.076707840E1,-3.983587646E1,4.494425356E1
1.099899813E1,-1.385581970E0,2.071769333E1,-3.957376099E1,4.469032572E1
1.100895413E1,-1.273628235E0,2.085011673E1,-3.964706421E1,4.481338190E1
1.101891113E1,-1.168334961E0,2.095858765E1,-3.978347778E1,4.498169080E1
1.102886713E1,-1.174613953E0,2.078396606E1,-3.962939453E1,4.476429240E1
1.103882413E1,-1.088356018E0,2.081182480E1,-3.978823853E1,4.491570433E1
1.104878013E1,-1.283493042E0,2.072927094E1,-3.989994812E1,4.498172838E1
1.105873613E1,-1.275062561E0,2.078542709E1,-3.968354797E1,4.481566404E1
1.106869313E1,-1.270164490E0,2.055230713E1,-3.999795532E1,4.498718791E1
1.107864913E1,-1.600402832E0,2.076382446E1,-4.009129333E1,4.517753310E1
1.108860613E1,-1.334014893E0,2.065016556E1,-4.000140381E1,4.503688755E1
1.109856213E1,-1.265220642E0,2.053012085E1,-3.989732361E1,4.488744899E1
1.110851913E1,-1.091064453E0,2.058298874E1,-4.014045715E1,4.512323290E1
1.111847512E1,-1.203186035E0,2.039260483E1,-3.974624634E1,4.468859011E1
1.112843113E1,-1.018516541E0,2.052278137E1,-3.988522339E1,4.486705892E1
1.113838812E1,-9.943237305E-1,2.044617462E1,-3.981382751E1,4.476801981E1
1.114834413E1,-9.620742798E-1,2.036050034E1,-3.977381897E1,4.469264186E1
1.115830113E1,-9.356231689E-1,2.036625671E1,-3.952159119E1,4.447039434E1
1.116825713E1,-1.185028076E0,2.036795044E1,-3.957630920E1,4.452574476E1
1.117821413E1,-1.118186951E0,2.045842361E1,-3.963006592E1,4.461322185E1
1.118817013E1,-1.003921509E0,2.028743362E1,-3.941204834E1,4.433844129E1
1.119812613E1,-1.011505127E0,2.029723358E1,-4.005189514E1,4.491275028E1
1.120808313E1,-1.238517761E0,2.058246231E1,-4.007632446E1,4.506976219E1
1.121803913E1,-1.480056763E0,2.055833435E1,-3.984912109E1,4.486410738E1
1.122799613E1,-1.416564941E0,2.047120285E1,-3.978135681E1,4.476196100E1
1.123795213E1,-1.216590881E0,2.037510300E1,-3.966642761E1,4.460998089E1
1.124790912E1,-1.390617371E0,2.032596207E1,-3.971308899E1,4.463415719E1
1.125786513E1,-1.506248474E0,2.047806168E1,-3.965837097E1,4.465877498E1
1.126782212E1,-1.342224121E0,2.046619415E1,-3.991622925E1,4.487729967E1
1.127777813E1,-1.257415771E0,2.055077744E1,-4.006053162E1,4.504177773E1
1.128773417E1,-1.248664856E0,2.062517166E1,-4.013169861E1,4.513878713E1
1.129769117E1,-1.313461304E0,2.060344696E1,-4.032662964E1,4.530413077E1
1.130764717E1,-1.177017212E0,2.050782776E1,-4.040617371E1,4.532786386E1
1.131760417E1,-1.137046814E0,2.083044052E1,-4.018688965E1,4.527898218E1
1.132756017E1,-1.340507507E0,2.072826004E1,-3.995722961E1,4.503374205E1
1.133751717E1,-1.315696716E0,2.063040543E1,-4.009765625E1,4.511282215E1
1.134747317E1,-1.277740479E0,2.065559769E1,-3.991419983E1,4.496031233E1
1.135742917E1,-1.135932922E0,2.068407440E1,-3.965065002E1,4.473583938E1
1.136738617E1,-1.279235840E0,2.082753754E1,-3.956814575E1,4.473321945E1
1.137734217E1,-1.262145996E0,2.069707489E1,-3.966250610E1,4.475574055E1
1.138729917E1,-1.323783875E0,2.070295334E1,-3.981781006E1,4.489791397E1
1.139725517E1,-1.350700378E0,2.065590668E1,-3.987666321E1,4.492926820E1
1.140721217E1,-1.255020142E0,2.080850601E1,-3.983119202E1,4.495656632E1
1.141716817E1,-1.077049255E0,2.059104538E1,-3.988655090E1,4.490087001E1
1.142712417E1,-1.288330078E0,2.036253357E1,-3.984089661E1,4.476147462E1
1.143708117E1,-1.222602844E0,2.052217865E1,-3.959567261E1,4.461470457E1
1.144703717E1,-1.222129822E0,2.049090958E1,-3.962351990E1,4.462504124E1
1.145699417E1,-1.289123535E0,2.072716141E1,-3.953677368E1,4.465908119E1
1.146695017E1,-1.274978638E0,2.078385544E1,-4.001419067E1,4.510797793E1
1.147690717E1,-1.474395752E0,2.076920700E1,-4.021707153E1,4.528737843E1
1.148686317E1,-1.356422424E0,2.089872742E1,-4.012648010E1,4.526291081E1
1.149681917E1,-1.370620728E0,2.074470139E1,-3.982250977E1,4.492275059E1
1.150677617E1,-1.262397766E0,2.040582657E1,-3.973265076E1,4.468416881E1
1.151673217E1,-1.569526672E0,2.049199295E1,-3.980809021E1,4.480032628E1
1.152668917E1,-1.556167603E0,2.050550461E1,-3.995187378E1,4.493383575E1
1.153664517E1,-1.466453552E0,2.064369202E1,-3.970338440E1,4.477355513E1
1.154660217E1,-1.415084839E0,2.079618835E1,-4.036378479E1,4.542817449E1
1.155655817E1,-1.246276855E0,2.078032684E1,-3.997024536E1,4.506656969E1
1.156651517E1,-1.361351013E0,2.070239258E1,-3.961532593E1,4.471930661E1
1.157647117E1,-1.146537781E0,2.063319778E1,-3.982019043E1,4.486302448E1
1.158642717E1,-1.210464478E0,2.077947998E1,-4.004420471E1,4.513081368E1
1.159638417E1,-1.377014160E0,2.083397293E1,-4.014291382E1,4.524824998E1
1.160634017E1,-1.404983521E0,2.089285278E1,-3.992857361E1,4.508632017E1
1.161629717E1,-1.151397705E0,2.080555725E1,-3.998243713E1,4.508649696E1
1.162625317E1,-1.052970886E0,2.090432358E1,-3.991333008E1,4.506854124E1
1.163621017E1,-1.101242065E0,2.075992966E1,-3.989788818E1,4.498920865E1
1.164616617E1,-1.096954346E0,2.080655289E1,-3.990399170E1,4.501604720E1
1.165612217E1,-1.102066040E0,2.078896332E1,-3.986817932E1,4.497629673E1
1.166607917E1,-1.058418274E0,2.065484238E1,-3.987606812E1,4.492041375E1
1.167603517E1,-1.126205444E0,2.070016861E1,-3.981732178E1,4.489080566E1
1.168599217E1,-1.124412537E0,2.071721649E1,-3.983673096E1,4.491583792E1
1.169594817E1,-1.052391052E0,2.091106796E1,-4.034721375E1,4.545633011E1
1.170590517E1,-1.171463013E0,2.116323090E1,-3.981045532E1,4.510129733E1
1.171586117E1,-1.015174866E0,2.129081345E1,-3.955142212E1,4.492932571E1
1.172581717E1,-1.063652039E0,2.098503876E1,-3.965573120E1,4.487850515E1
1.173577417E1,-1.115440369E0,2.098775101E1,-3.994747925E1,4.513901857E1
1.174573017E1,-1.115440369E0,2.098775101E1,-3.994747925E1,4.513901857E1
1.175568717E1,-1.133407593E0,2.097683334E1,-4.007353210E1,4.524599568E1
1.176564317E1,-1.052589417E0,2.103791046E1,-3.992967224E1,4.514510324E1
1.177560017E1,-1.283714294E0,2.100660706E1,-3.997630310E1,4.517776303E1
1.178555617E1,-9.991149902E-1,2.086277771E1,-3.994927979E1,4.507991437E1