"Time (s)","Magnetic field x (µT)","Magnetic field y (µT)","Magnetic field z (µT)"
3.751857700E-2,3.118319893E1,1.281000018E0,-2.790139961E1
4.751784500E-2,3.067079926E1,1.378600001E0,-2.731579971E1
5.751735600E-2,3.037800026E1,1.659199953E0,-2.734020042E1
6.751735600E-2,3.065859985E1,1.756799936E0,-2.713279915E1
7.752931900E-2,3.085379982E1,1.390799999E0,-2.710840034E1
8.751735600E-2,3.047559929E1,1.476199985E0,-2.732799911E1
9.752931900E-2,3.056099892E1,1.573799968E0,-2.713279915E1
1.075173560E-1,3.037800026E1,1.463999987E0,-2.743779945E1
1.175293190E-1,3.039019966E1,1.646999955E0,-2.784039879E1
1.275273660E-1,3.087819862E1,1.561599970E0,-2.762080002E1
1.375290750E-1,3.039019966E1,1.659199953E0,-2.764519882E1
1.475256570E-1,3.125639915E1,1.671399951E0,-2.719379997E1
1.575293190E-1,3.079279900E1,1.463999987E0,-2.812100029E1
1.675259010E-1,3.019499969E1,1.549399972E0,-2.785260010E1
1.775249250E-1,3.060980034E1,1.268800020E0,-2.832839966E1
1.875290750E-1,2.992659950E1,1.439599991E0,-2.865779877E1
1.975288310E-1,3.030480003E1,2.122799873E0,-2.796239853E1
2.075295630E-1,3.059759903E1,1.463999987E0,-2.802339935E1
2.175290750E-1,3.078059959E1,1.659199953E0,-2.782819939E1
2.275288310E-1,3.040239906E1,1.927599907E0,-2.814539909E1
2.375271220E-1,3.010960007E1,1.634799957E0,-2.825519943E1
2.475290750E-1,3.040239906E1,1.829999924E0,-2.814539909E1
2.575173560E-1,3.070739937E1,1.549399972E0,-2.842599869E1
2.675290750E-1,3.031699944E1,1.817799926E0,-2.865779877E1
2.775173560E-1,3.062199974E1,1.158999920E0,-2.881639862E1
2.875290750E-1,3.030480003E1,1.829999924E0,-2.825519943E1
2.975195540E-1,3.032919884E1,1.342000008E0,-2.874320030E1
3.075290750E-1,3.082939911E1,1.915399909E0,-2.903599930E1
3.175171120E-1,3.031699944E1,1.915399909E0,-2.856019974E1
3.275288310E-1,3.021939850E1,2.013000011E0,-2.856019974E1
3.375171120E-1,3.021939850E1,1.915399909E0,-2.856019974E1
3.475244360E-1,3.039019966E1,1.646999955E0,-2.774279976E1
3.575290750E-1,3.023159981E1,1.720199943E0,-2.875539970E1
3.675290750E-1,3.002419853E1,2.195999861E0,-2.847480011E1
3.775171120E-1,3.041459846E1,2.488800049E0,-2.846259880E1
3.875290750E-1,3.060980034E1,1.634799957E0,-2.843820000E1
3.975293190E-1,3.001199913E1,1.732399940E0,-2.815760040E1
4.075290750E-1,3.032919884E1,2.098399878E0,-2.875539970E1
4.175293190E-1,3.058539963E1,2.122799873E0,-2.784039879E1
4.275173560E-1,3.069519997E1,2.305799961E0,-2.814539909E1
4.375290750E-1,3.073180008E1,2.098399878E0,-2.914579964E1
4.475176000E-1,2.967039871E1,1.890999913E0,-2.958499908E1
4.575288310E-1,3.025599861E1,2.086199999E0,-2.967039871E1
4.675173560E-1,3.014620018E1,2.086199999E0,-2.917020035E1
4.775290750E-1,3.073180008E1,1.915399909E0,-2.903599930E1
4.875114970E-1,2.996319962E1,1.890999913E0,-2.947519875E1
4.975290750E-1,3.090259933E1,2.025199890E0,-2.842599869E1
5.075173560E-1,3.034140015E1,1.805599928E0,-2.925559998E1
5.175290750E-1,3.042679977E1,2.000799894E0,-2.885299873E1
5.275312720E-1,3.032919884E1,2.000799894E0,-2.885299873E1
5.375288310E-1,2.947519875E1,1.890999913E0,-2.949959946E1
5.475173560E-1,3.045119858E1,1.988600016E0,-2.956060028E1
5.575290750E-1,3.003639984E1,1.622599959E0,-2.906040001E1
5.675290750E-1,3.025599861E1,1.707999945E0,-2.945079994E1
5.775171120E-1,3.014620018E1,2.183799982E0,-2.917020035E1
5.875290750E-1,3.034140015E1,1.707999945E0,-2.935319901E1
5.975171120E-1,2.995100021E1,1.524999976E0,-2.926779938E1
6.075290750E-1,3.091479874E1,1.817799926E0,-2.882859993E1
6.175173560E-1,3.007299995E1,1.976400018E0,-3.007299995E1
6.275290750E-1,3.078059959E1,1.842199922E0,-2.763299942E1
6.375173560E-1,3.013399887E1,1.903199911E0,-2.886520004E1
6.475290750E-1,3.013399887E1,2.281399965E0,-2.897500038E1
6.575185770E-1,3.041459846E1,1.537199974E0,-2.864559937E1
6.675290750E-1,2.992659950E1,1.915399909E0,-2.837719917E1
6.775224830E-1,3.070739937E1,1.549399972E0,-2.842599869E1
6.875178450E-1,3.041459846E1,1.915399909E0,-2.854800034E1
6.975173560E-1,3.021939850E1,2.293599844E0,-2.826739883E1
7.075293190E-1,2.985339928E1,2.183799982E0,-2.918239975E1
7.175290750E-1,3.021939850E1,2.488800049E0,-2.847480011E1
7.275290750E-1,3.023159981E1,1.622599959E0,-2.875539970E1
7.375290750E-1,2.963379860E1,1.720199943E0,-2.847480011E1
7.475293190E-1,3.052439880E1,1.915399909E0,-2.895059967E1
7.575293190E-1,3.004859924E1,2.366800070E0,-2.937759972E1
7.675168680E-1,2.985339928E1,2.269199848E0,-2.929220009E1
7.775290750E-1,3.025599861E1,2.171599865E0,-2.957279968E1
7.875173560E-1,3.045119858E1,2.086199999E0,-2.956060028E1
7.975290750E-1,2.940199852E1,1.683599949E0,-3.029259872E1
8.075173560E-1,3.015839958E1,1.610399961E0,-2.965819931E1
8.175290750E-1,2.979240036E1,1.683599949E0,-3.037800026E1
8.275129620E-1,2.988999939E1,2.061800003E0,-3.018280029E1
8.375288310E-1,2.958499908E1,2.256999969E0,-2.990219879E1
8.475224830E-1,2.995100021E1,1.805599928E0,-2.937759972E1
8.575290750E-1,3.035359955E1,1.415199995E0,-2.964599991E1
8.675212630E-1,3.025599861E1,1.610399961E0,-2.954839897E1
8.775293190E-1,3.024379921E1,1.244400024E0,-2.924339867E1
8.875295630E-1,2.964599991E1,1.610399961E0,-2.908479881E1
8.975290750E-1,3.015839958E1,1.512799978E0,-2.945079994E1
9.075290750E-1,3.045119858E1,1.988600016E0,-2.945079994E1
9.175290750E-1,2.930439949E1,1.390799999E0,-3.050000000E1
9.275290750E-1,2.968260002E1,1.402999997E0,-3.018280029E1
9.375171120E-1,2.936540031E1,1.512799978E0,-2.948740005E1
9.475290750E-1,2.976799965E1,1.598199964E0,-2.968260002E1
9.575183330E-1,2.967039871E1,1.793399930E0,-2.968260002E1
9.675288310E-1,3.006079865E1,1.036999941E0,-2.964599991E1
9.775176000E-1,3.026819992E1,1.890999913E0,-2.986559868E1
9.875176000E-1,2.938979912E1,1.878799915E0,-3.009739876E1
9.975171120E-1,3.035359955E1,1.232200027E0,-2.943859863E1
1.007529075E0,2.968260002E1,1.500599980E0,-2.997539902E1
1.017516868E0,3.024379921E1,1.329800010E0,-2.924339867E1
1.027529075E0,3.024379921E1,1.805599928E0,-2.915799904E1
1.037517112E0,2.973139954E1,1.817799926E0,-2.868219948E1
1.047529563E0,2.964599991E1,1.232200027E0,-2.907259941E1
1.057529319E0,3.021939850E1,1.439599991E0,-2.864559937E1
1.067529075E0,2.936540031E1,1.610399961E0,-2.919459915E1
1.077529075E0,2.997539902E1,1.317600012E0,-2.996319962E1
1.087529319E0,2.964599991E1,1.427399993E0,-2.897500038E1
1.097529319E0,3.014620018E1,1.146799922E0,-2.934099960E1
1.107511009E0,3.060980034E1,1.268800020E0,-2.832839966E1
1.117529075E0,3.032919884E1,1.524999976E0,-2.895059967E1
1.127517600E0,3.014620018E1,1.244400024E0,-2.924339867E1
1.137529563E0,3.023159981E1,1.537199974E0,-2.875539970E1
1.147517356E0,3.108559990E1,1.842199922E0,-2.801119995E1
1.157529075E0,3.052439880E1,1.439599991E0,-2.873099899E1
1.167517356E0,2.936540031E1,1.610399961E0,-2.938979912E1
1.177524192E0,2.986559868E1,1.793399930E0,-2.978019905E1
1.187522972E0,3.041459846E1,1.732399940E0,-2.854800034E1
1.197529075E0,3.081719971E1,1.537199974E0,-2.882859993E1
1.207517112E0,3.020719910E1,1.744599938E0,-2.795019913E1
1.217529319E0,2.993879890E1,1.439599991E0,-2.886520004E1
1.227528831E0,3.089039993E1,1.268800020E0,-2.820639992E1
1.237529075E0,3.089039993E1,1.268800020E0,-2.820639992E1
1.247529075E0,3.060980034E1,1.451799989E0,-2.852359962E1
1.257531028E0,3.032919884E1,1.915399909E0,-2.865779877E1
1.267529319E0,3.032919884E1,1.537199974E0,-2.874320030E1
1.277517356E0,3.021939850E1,1.915399909E0,-2.835280037E1
1.287529075E0,3.043899918E1,1.146799922E0,-2.923119926E1
1.297517356E0,2.996319962E1,1.610399961E0,-2.946299934E1
1.307511741E0,2.992659950E1,1.915399909E0,-2.867000008E1
1.317517356E0,3.014620018E1,1.610399961E0,-2.935319901E1
1.327529075E0,3.069519997E1,1.549399972E0,-2.802339935E1
1.337517112E0,2.973139954E1,1.622599959E0,-2.867000008E1
1.347519798E0,2.993879890E1,1.622599959E0,-2.876759911E1
1.357517112E0,2.982899857E1,1.439599991E0,-2.846259880E1
1.367529075E0,2.965819931E1,1.232200027E0,-2.926779938E1
1.377518089E0,3.060980034E1,1.451799989E0,-2.842599869E1
1.387529319E0,2.975580025E1,1.329800010E0,-2.926779938E1
1.397517112E0,3.004859924E1,1.329800010E0,-2.925559998E1
1.407528831E0,3.023159981E1,1.244400024E0,-2.874320030E1
1.417529075E0,2.949959946E1,1.488399982E0,-3.048779869E1
1.427528831E0,3.026819992E1,1.598199964E0,-2.995100021E1
1.437529319E0,2.978019905E1,1.500599980E0,-2.997539902E1
1.447516868E0,2.988999939E1,1.402999997E0,-3.026819992E1
1.457529319E0,2.997539902E1,1.317600012E0,-2.996319962E1
1.467517356E0,3.025599861E1,1.134599924E0,-2.974359894E1
1.477530052E0,2.987779999E1,1.500599980E0,-3.017059898E1
1.487517356E0,3.018280029E1,1.402999997E0,-3.025599861E1
1.497529075E0,3.028039932E1,1.317600012E0,-3.024379921E1
1.507517845E0,3.015839958E1,9.515999556E-1,-2.953619957E1
1.517529075E0,2.996319962E1,1.415199995E0,-2.965819931E1
1.527518821E0,2.980459976E1,1.390799999E0,-3.078059959E1
1.537528831E0,3.036579895E1,1.415199995E0,-3.014620018E1
1.547518821E0,2.965819931E1,1.134599924E0,-2.946299934E1
1.557529319E0,3.008519936E1,1.122399926E0,-3.025599861E1
1.567518821E0,3.062199974E1,1.817799926E0,-2.893840027E1
1.577525413E0,3.023159981E1,1.537199974E0,-2.875539970E1
1.587529075E0,2.992659950E1,1.720199943E0,-2.846259880E1
1.597529319E0,3.070739937E1,9.759999514E-1,-2.841379929E1
1.607517112E0,3.021939850E1,1.158999920E0,-2.853579903E1
1.617529075E0,3.062199974E1,1.061399937E0,-2.892619896E1
1.627529319E0,3.030480003E1,2.208199978E0,-2.815760040E1
1.637517356E0,3.041459846E1,1.256600022E0,-2.832839966E1
1.647529319E0,3.051219940E1,1.634799957E0,-2.863339996E1
1.657517356E0,2.974359894E1,1.805599928E0,-2.887739944E1
1.667529319E0,2.995100021E1,1.988600016E0,-2.937759972E1
1.677517356E0,3.041459846E1,1.634799957E0,-2.854800034E1
1.687529075E0,2.996319962E1,1.610399961E0,-2.946299934E1
1.697517112E0,2.975580025E1,1.805599928E0,-2.927999878E1
1.707529075E0,3.013399887E1,1.524999976E0,-2.895059967E1
1.717517112E0,2.965819931E1,1.805599928E0,-2.918239975E1
1.727517600E0,3.052439880E1,1.342000008E0,-2.882859993E1
1.737517356E0,3.080500031E1,1.634799957E0,-2.852359962E1
1.747529075E0,3.030480003E1,1.732399940E0,-2.824300003E1
1.757529075E0,3.010960007E1,1.256600022E0,-2.824300003E1
1.767529563E0,3.012179947E1,1.342000008E0,-2.864559937E1
1.777531028E0,3.100020027E1,1.732399940E0,-2.841379929E1
1.787528831E0,3.101239967E1,1.537199974E0,-2.871879959E1
1.797528831E0,3.013399887E1,1.427399993E0,-2.904819870E1
1.807517600E0,3.023159981E1,1.342000008E0,-2.895059967E1
1.817529319E0,3.029259872E1,1.549399972E0,-2.784039879E1
1.827517845E0,3.100020027E1,1.829999924E0,-2.842599869E1
1.837529075E0,3.032919884E1,1.915399909E0,-2.865779877E1
1.847517845E0,2.964599991E1,1.524999976E0,-2.907259941E1
1.857529319E0,3.003639984E1,1.342000008E0,-2.885299873E1
1.867517112E0,3.041459846E1,1.537199974E0,-2.864559937E1
1.877529075E0,3.042679977E1,1.439599991E0,-2.874320030E1
1.887520774E0,3.024379921E1,1.427399993E0,-2.935319901E1
1.897529319E0,3.031699944E1,1.451799989E0,-2.843820000E1
1.907517112E0,3.041459846E1,1.256600022E0,-2.843820000E1
1.917528831E0,2.975580025E1,1.232200027E0,-2.926779938E1
1.927523704E0,3.032919884E1,1.524999976E0,-2.895059967E1
1.937517600E0,2.992659950E1,1.537199974E0,-2.846259880E1
1.947529563E0,3.090259933E1,1.549399972E0,-2.841379929E1
1.957528831E0,3.036579895E1,2.805999815E-1,-2.991440010E1
1.967529075E0,3.026819992E1,1.415199995E0,-2.985339928E1
1.977517112E0,2.987779999E1,1.122399926E0,-2.986559868E1
1.987529319E0,2.985339928E1,1.134599924E0,-2.946299934E1
1.997517356E0,2.967039871E1,1.500599980E0,-2.978019905E1
2.007529075E0,3.070739937E1,1.158999920E0,-2.862119865E1
2.017517600E0,3.014620018E1,1.707999945E0,-2.925559998E1
2.027529563E0,3.004859924E1,1.707999945E0,-2.906040001E1
2.037517356E0,3.024379921E1,1.805599928E0,-2.906040001E1
2.047529075E0,3.073180008E1,1.622599959E0,-2.903599930E1
2.057510764E0,3.084159851E1,1.720199943E0,-2.942639923E1
2.067529319E0,2.956060028E1,1.415199995E0,-2.937759972E1
2.077517112E0,3.004859924E1,2.281399965E0,-2.908479881E1
2.087528831E0,3.032919884E1,1.439599991E0,-2.874320030E1
2.097516868E0,3.084159851E1,1.342000008E0,-2.941419983E1
2.107529319E0,3.004859924E1,1.903199911E0,-2.926779938E1
2.117529319E0,2.975580025E1,1.415199995E0,-2.947519875E1
2.127529319E0,2.958499908E1,1.402999997E0,-3.008519936E1
2.137517356E0,3.052439880E1,1.634799957E0,-2.884079933E1
2.147517112E0,3.034140015E1,1.805599928E0,-2.915799904E1
2.157529319E0,3.023159981E1,2.000799894E0,-2.896279907E1
2.167518577E0,3.025599861E1,1.805599928E0,-2.946299934E1
2.177517112E0,2.993879890E1,1.439599991E0,-2.875539970E1
2.187517356E0,3.035359955E1,2.269199848E0,-2.967039871E1
2.197529319E0,2.996319962E1,1.890999913E0,-2.947519875E1
2.207517112E0,2.974359894E1,1.805599928E0,-2.897500038E1
2.217529319E0,2.965819931E1,1.512799978E0,-2.947519875E1
2.227516868E0,3.003639984E1,1.622599959E0,-2.875539970E1
2.237529319E0,2.948740005E1,1.598199964E0,-2.988999939E1
2.247517112E0,2.957279968E1,2.256999969E0,-2.970699883E1
2.257529075E0,2.926779938E1,1.793399930E0,-2.940199852E1
2.267513938E0,2.945079994E1,1.244400024E0,-2.887739944E1
2.277529319E0,3.034140015E1,2.000799894E0,-2.915799904E1
2.287529319E0,3.004859924E1,1.890999913E0,-2.936540031E1
2.297529075E0,2.996319962E1,1.890999913E0,-2.978019905E1
2.307528831E0,2.963379860E1,1.720199943E0,-2.868219948E1
2.317517112E0,2.957279968E1,1.500599980E0,-2.978019905E1
2.327529075E0,3.034140015E1,1.903199911E0,-2.915799904E1
2.337517356E0,2.946299934E1,1.329800010E0,-2.927999878E1
2.347528831E0,3.006079865E1,1.890999913E0,-2.976799965E1
2.357517356E0,2.947519875E1,1.793399930E0,-2.949959946E1
2.367529319E0,3.051219940E1,1.354200006E0,-2.853579903E1
2.377518089E0,2.965819931E1,1.988600016E0,-2.908479881E1
2.387528831E0,2.974359894E1,1.610399961E0,-2.907259941E1
2.397526145E0,3.002419853E1,1.439599991E0,-2.835280037E1
2.407529319E0,2.968260002E1,1.402999997E0,-3.007299995E1
2.417517112E0,3.056099892E1,1.610399961E0,-2.993879890E1
2.427517845E0,2.969479942E1,1.585999966E0,-3.037800026E1
2.437517600E0,2.968260002E1,1.781199932E0,-2.998760033E1
2.447529319E0,2.923119926E1,1.756799936E0,-3.101239967E1
2.457537376E0,3.046339989E1,1.988600016E0,-2.975580025E1
2.467517356E0,2.976799965E1,1.988600016E0,-2.958499908E1
2.477529075E0,2.980459976E1,1.573799968E0,-3.087819862E1
2.487528098E0,2.979240036E1,1.488399982E0,-3.047559929E1
2.497529563E0,2.960939980E1,1.951999903E0,-3.079279900E1
2.507516624E0,2.988999939E1,1.500599980E0,-3.036579895E1
2.517529075E0,2.990219879E1,1.671399951E0,-3.087819862E1
2.527517600E0,2.979240036E1,1.781199932E0,-3.048779869E1
2.537513938E0,2.988999939E1,1.500599980E0,-3.036579895E1
2.547517356E0,2.949959946E1,1.768999934E0,-3.050000000E1
2.557529075E0,2.997539902E1,1.793399930E0,-2.987779999E1
2.567517356E0,2.968260002E1,1.781199932E0,-2.998760033E1
2.577529075E0,3.034140015E1,1.622599959E0,-2.914579964E1
2.587527122E0,3.024379921E1,2.000799894E0,-2.915799904E1
2.597529075E0,3.007299995E1,1.890999913E0,-2.986559868E1
2.607516868E0,2.986559868E1,2.269199848E0,-2.958499908E1
2.617529319E0,3.006079865E1,1.610399961E0,-2.965819931E1
2.627521263E0,3.025599861E1,1.512799978E0,-2.975580025E1
2.637528831E0,3.023159981E1,1.903199911E0,-2.886520004E1
2.647528831E0,3.035359955E1,1.805599928E0,-2.956060028E1
2.657529075E0,2.995100021E1,2.086199999E0,-2.927999878E1
2.667529319E0,2.986559868E1,1.988600016E0,-2.948740005E1
2.677522727E0,2.993879890E1,2.195999861E0,-2.868219948E1
2.687529075E0,3.023159981E1,1.720199943E0,-2.885299873E1
2.697517112E0,2.997539902E1,2.171599865E0,-2.998760033E1
2.707517112E0,3.015839958E1,1.890999913E0,-2.946299934E1
2.717517600E0,3.052439880E1,1.720199943E0,-2.884079933E1
2.727517356E0,3.090259933E1,1.927599907E0,-2.852359962E1
2.737517112E0,3.062199974E1,2.098399878E0,-2.895059967E1
2.747529319E0,2.965819931E1,2.269199848E0,-2.940199852E1
2.757523704E0,2.986559868E1,2.171599865E0,-2.968260002E1
2.767529075E0,3.059759903E1,2.220399857E0,-2.795019913E1
2.777517112E0,3.034140015E1,2.183799982E0,-2.906040001E1
2.787529319E0,3.043899918E1,2.476599932E0,-2.906040001E1
2.797516868E0,3.006079865E1,2.073999882E0,-2.978019905E1
2.807529075E0,3.006079865E1,2.073999882E0,-2.978019905E1
2.817529075E0,3.024379921E1,2.281399965E0,-2.926779938E1
2.827517600E0,2.987779999E1,2.073999882E0,-2.998760033E1
2.837529319E0,3.004859924E1,2.086199999E0,-2.927999878E1
2.847517112E0,3.006079865E1,2.464400053E0,-2.948740005E1
2.857529319E0,3.041459846E1,2.488800049E0,-2.856019974E1
2.867517600E0,3.014620018E1,2.378999949E0,-2.918239975E1
2.877529075E0,2.937759972E1,2.635200024E0,-2.971920013E1
2.887517600E0,2.886520004E1,2.171599865E0,-2.902379990E1
2.897529075E0,2.996319962E1,2.171599865E0,-2.968260002E1
2.907516868E0,3.032919884E1,2.000799894E0,-2.896279907E1
2.917529319E0,2.986559868E1,1.988600016E0,-2.958499908E1
2.927525413E0,2.995100021E1,1.890999913E0,-2.937759972E1
2.937517112E0,2.984119987E1,1.805599928E0,-2.887739944E1
2.947512473E0,3.052439880E1,2.098399878E0,-2.875539970E1
2.957517112E0,3.013399887E1,2.098399878E0,-2.886520004E1
2.967511497E0,2.969479942E1,1.781199932E0,-3.029259872E1
2.977516868E0,3.018280029E1,1.878799915E0,-3.046339989E1
2.987529319E0,2.929220009E1,1.866599917E0,-3.020719910E1
2.997529319E0,2.978019905E1,1.976400018E0,-3.008519936E1
3.007529319E0,3.045119858E1,1.707999945E0,-2.974359894E1
3.017517845E0,2.976799965E1,2.269199848E0,-2.959719849E1
3.027529075E0,3.024379921E1,1.988600016E0,-2.936540031E1
3.037517356E0,3.032919884E1,2.098399878E0,-2.896279907E1
3.047529319E0,3.006079865E1,1.976400018E0,-2.976799965E1
3.057517356E0,2.995100021E1,2.183799982E0,-2.937759972E1
3.067529075E0,2.985339928E1,2.086199999E0,-2.938979912E1
3.077518333E0,3.042679977E1,2.476599932E0,-2.867000008E1
3.087529319E0,3.064639854E1,2.183799982E0,-2.945079994E1
3.097517356E0,2.987779999E1,2.073999882E0,-3.008519936E1
3.107519554E0,2.957279968E1,1.890999913E0,-2.948740005E1
3.117518821E0,2.997539902E1,1.878799915E0,-2.987779999E1
3.127529319E0,3.051219940E1,2.208199978E0,-2.825519943E1
3.137517600E0,3.003639984E1,1.439599991E0,-2.875539970E1
3.147529075E0,3.032919884E1,2.000799894E0,-2.896279907E1
3.157536643E0,3.003639984E1,1.903199911E0,-2.876759911E1
3.167529319E0,2.993879890E1,2.098399878E0,-2.887739944E1
3.177529319E0,3.032919884E1,2.391200066E0,-2.867000008E1
3.187517600E0,2.948740005E1,2.440000057E0,-2.991440010E1
3.197529563E0,2.986559868E1,2.366800070E0,-2.959719849E1
3.207517112E0,2.986559868E1,2.647399902E0,-2.959719849E1
3.217529075E0,2.986559868E1,2.269199848E0,-2.969479942E1
3.227517356E0,3.064639854E1,2.000799894E0,-2.945079994E1
3.237529075E0,2.967039871E1,2.354599953E0,-2.970699883E1
3.247517356E0,2.975580025E1,2.744999886E0,-2.930439949E1
3.257529319E0,2.987779999E1,2.269199848E0,-2.979240036E1
3.267517112E0,3.082939911E1,2.098399878E0,-2.924339867E1
3.277529075E0,2.967039871E1,2.269199848E0,-2.959719849E1
3.287512962E0,2.937759972E1,1.793399930E0,-2.969479942E1
3.297529075E0,2.982899857E1,2.293599844E0,-2.858459854E1
3.307531028E0,3.101239967E1,1.829999924E0,-2.871879959E1
3.317529075E0,3.053660011E1,1.805599928E0,-2.924339867E1
3.327519065E0,2.978019905E1,1.976400018E0,-3.008519936E1
3.337517112E0,3.015839958E1,1.988600016E0,-2.967039871E1
3.347529319E0,3.080500031E1,2.305799961E0,-2.854800034E1
3.357529075E0,3.110999870E1,1.927599907E0,-2.862119865E1
3.367528831E0,3.085379982E1,2.269199848E0,-2.995100021E1
3.377517600E0,3.003639984E1,2.183799982E0,-2.897500038E1
3.387529319E0,2.993879890E1,2.000799894E0,-2.887739944E1
3.397518333E0,3.051219940E1,1.439599991E0,-2.863339996E1
3.407528831E0,3.024379921E1,1.805599928E0,-2.906040001E1
3.417517356E0,2.959719849E1,2.061800003E0,-3.040239906E1
3.427529319E0,2.949959946E1,2.244799852E0,-3.020719910E1
3.437517112E0,3.019499969E1,1.866599917E0,-3.057320023E1
3.447529075E0,2.951179886E1,1.964200020E0,-3.059759903E1
3.457516868E0,2.980459976E1,2.525399923E0,-3.070739937E1
3.467523216E0,2.991440010E1,2.049599886E0,-3.118319893E1
3.477515159E0,2.941419983E1,2.708400011E0,-3.062199974E1
3.487529075E0,2.941419983E1,2.708400011E0,-3.062199974E1
3.497517112E0,2.979240036E1,3.293999910E0,-3.021939850E1
3.507516868E0,2.964599991E1,3.171999931E0,-3.163459969E1
3.517517112E0,2.971920013E1,3.367199898E0,-3.092700005E1
3.527529075E0,2.971920013E1,3.086599827E0,-3.112220001E1
3.537529075E0,3.010960007E1,2.708400011E0,-3.119540024E1
3.547517356E0,2.938979912E1,2.720599890E0,-3.002419853E1
3.557529319E0,2.929220009E1,3.098799944E0,-3.003639984E1
3.567517112E0,2.946299934E1,3.306200027E0,-2.932880020E1
3.577529319E0,3.004859924E1,3.501399994E0,-2.920679855E1
3.587517600E0,3.084159851E1,3.220799923E0,-2.957279968E1
3.597529319E0,2.968260002E1,3.574599981E0,-3.003639984E1
3.607517356E0,2.940199852E1,3.574599981E0,-3.014620018E1
3.617529075E0,2.985339928E1,3.598999977E0,-2.932880020E1
3.627521507E0,3.026819992E1,3.684399843E0,-2.970699883E1
3.637529075E0,3.004859924E1,3.879599810E0,-2.921899986E1
3.647530784E0,2.948740005E1,4.245599747E0,-2.975580025E1
3.657529075E0,3.006079865E1,3.879599810E0,-2.952400017E1
3.667513694E0,3.034140015E1,3.696599960E0,-2.899939919E1
3.677529319E0,2.967039871E1,4.343199730E0,-2.965819931E1
3.687529319E0,2.998760033E1,4.147999763E0,-3.023159981E1
3.697529075E0,2.909700012E1,4.330999851E0,-2.978019905E1
3.707529075E0,2.898719978E1,3.769799948E0,-2.967039871E1
3.717513694E0,2.958499908E1,4.623799801E0,-2.996319962E1
3.727529563E0,2.990219879E1,4.135799885E0,-3.064639854E1
3.737517356E0,2.899939919E1,4.709199905E0,-2.979240036E1
3.747529075E0,2.948740005E1,4.245599747E0,-2.975580025E1
3.757518821E0,2.912139893E1,4.318799973E0,-3.058539963E1
3.767529319E0,2.930439949E1,3.940599918E0,-3.046339989E1
3.777517112E0,2.903599930E1,4.501800060E0,-3.098799896E1
3.787529075E0,2.890180016E1,3.855199814E0,-2.987779999E1
3.797517356E0,2.926779938E1,3.781999826E0,-2.935319901E1
3.807529319E0,2.936540031E1,4.062600136E0,-2.925559998E1
3.817516380E0,2.892619896E1,3.940599918E0,-3.068299866E1
3.827529075E0,2.908479881E1,3.489199877E0,-2.975580025E1
3.837528587E0,2.929220009E1,4.330999851E0,-2.976799965E1
3.847529319E0,2.958499908E1,4.147999763E0,-3.004859924E1
3.857537132E0,3.014620018E1,3.415999889E0,-2.910919952E1
3.867517112E0,2.987779999E1,3.867399931E0,-2.982899857E1
3.877528831E0,2.976799965E1,4.343199730E0,-2.945079994E1
3.887517845E0,3.014620018E1,4.269999981E0,-2.912139893E1
3.897529319E0,2.986559868E1,3.977200031E0,-2.932880020E1
3.907517600E0,3.003639984E1,3.611199856E0,-2.870660019E1
3.917529075E0,2.984119987E1,3.794199944E0,-2.882859993E1
3.927517356E0,2.986559868E1,2.744999886E0,-2.949959946E1
3.937529075E0,3.021939850E1,2.769399881E0,-2.837719917E1
3.947517356E0,2.973139954E1,3.037799835E0,-2.860899925E1
3.957517356E0,2.843820000E1,2.415600061E0,-3.096360016E1
3.967517600E0,2.886520004E1,2.769399881E0,-3.206159973E1
3.977517356E0,2.886520004E1,2.586400032E0,-3.175659943E1
3.987511009E0,2.816979980E1,2.769399881E0,-3.179319954E1
3.997529075E0,2.901159859E1,2.427799940E0,-3.043899918E1
4.007517845E0,2.891399956E1,2.525399923E0,-3.034140015E1
4.017529319E0,2.965819931E1,2.183799982E0,-2.919459915E1
4.027534446E0,2.993879890E1,1.524999976E0,-2.896279907E1
4.037529319E0,2.915799904E1,1.329800010E0,-2.899939919E1
4.047529075E0,2.946299934E1,1.036999941E0,-2.937759972E1
4.057519065E0,2.982899857E1,5.856000185E-1,-2.874320030E1
4.067517600E0,2.984119987E1,1.219999976E-2,-2.902379990E1
4.077517356E0,2.992659950E1,4.879999757E-1,-2.863339996E1
4.087529075E0,2.867000008E1,-1.829999983E-1,-2.897500038E1
4.097517600E0,2.925559998E1,-2.805999815E-1,-2.924339867E1
4.107529075E0,3.029259872E1,-2.439999878E-1,-2.790139961E1
4.117517600E0,2.992659950E1,-1.024799943E0,-2.879199982E1
4.127529075E0,2.934099960E1,-1.122399926E0,-2.862119865E1
4.137517600E0,2.858459854E1,-1.622599959E0,-2.964599991E1
4.147529319E0,2.840159988E1,-1.634799957E0,-3.006079865E1
4.157514427E0,2.936540031E1,-2.744999886E0,-2.947519875E1
4.167528831E0,2.936540031E1,-2.744999886E0,-2.947519875E1
4.177517112E0,2.831620026E1,-2.866999865E0,-3.042679977E1
4.187517600E0,2.721819878E1,-3.720999956E0,-3.006079865E1
4.197517112E0,2.826739883E1,-3.123199940E0,-2.902379990E1
4.207517356E0,2.790139961E1,-4.001599789E0,-2.991440010E1
4.217517845E0,2.791359901E1,-3.903999805E0,-3.021939850E1
4.227517356E0,2.713279915E1,-4.099199772E0,-3.025599861E1
4.237517112E0,2.653499985E1,-5.428999901E0,-3.014620018E1
4.247517600E0,2.624219894E1,-5.624199867E0,-3.014620018E1
4.257529075E0,2.643739891E1,-6.185400009E0,-3.012179947E1
4.267518089E0,2.625440025E1,-6.197599888E0,-3.034140015E1
4.277529319E0,2.538819885E1,-7.161399841E0,-3.104899979E1
4.287517356E0,2.526619911E1,-7.429800034E0,-3.024379921E1
4.297529075E0,2.579080009E1,-8.234999657E0,-2.859679985E1
4.307517356E0,2.542479897E1,-9.576999664E0,-2.927999878E1
4.317529319E0,2.559560013E1,-1.012599945E1,-2.845039940E1
4.327516868E0,2.519299889E1,-9.942999840E0,-2.818199921E1
4.337529075E0,2.572979927E1,-1.122399998E1,-2.691320038E1
4.347528098E0,2.591279984E1,-1.187059975E1,-2.627879906E1
4.357529319E0,2.588839912E1,-1.271239948E1,-2.586400032E1
4.367527610E0,2.555900002E1,-1.335900021E1,-2.485140038E1
4.377529075E0,2.609580040E1,-1.378599930E1,-2.300919914E1
4.387529075E0,2.636419868E1,-1.481079960E1,-2.256999969E1
4.397529319E0,2.561999893E1,-1.534759998E1,-2.067899895E1
4.407529319E0,2.511979866E1,-1.638459969E1,-2.027639961E1
4.417529075E0,2.598600006E1,-1.673839951E1,-1.982499886E1
4.427528831E0,2.555900002E1,-1.758020020E1,-1.892219925E1
4.437517356E0,2.659599876E1,-1.726300049E1,-1.767779922E1
4.447529319E0,2.551019859E1,-1.764119911E1,-1.740939903E1
4.457517112E0,2.450979996E1,-1.792179871E1,-1.684819984E1
4.467529075E0,2.441219902E1,-1.887339973E1,-1.682379913E1
4.477518333E0,2.424139977E1,-1.842199898E1,-1.784860039E1
4.487529319E0,2.453419876E1,-1.803159904E1,-1.744599915E1
4.497517112E0,2.350939941E1,-1.826339912E1,-1.909300041E1
4.507529075E0,2.369239998E1,-1.834879875E1,-1.867819977E1
4.517517356E0,2.308239937E1,-1.834879875E1,-1.829999924E1
4.527529319E0,2.328979874E1,-1.825119972E1,-1.839760017E1
4.537511741E0,2.377779961E1,-1.749480057E1,-1.849519920E1
4.547529075E0,2.318000031E1,-1.759239960E1,-1.822679901E1
4.557536888E0,2.358259964E1,-1.777540016E1,-1.849519920E1
4.567529319E0,2.259440041E1,-1.769000053E1,-1.814139938E1
4.577529319E0,2.333860016E1,-1.775099945E1,-1.690919876E1
4.587529075E0,2.331419945E1,-1.764119911E1,-1.640900040E1
4.597528831E0,2.359479904E1,-1.800720024E1,-1.567700005E1
4.607519065E0,2.308239937E1,-1.761680031E1,-1.531099987E1
4.617529563E0,2.289939880E1,-1.810479927E1,-1.550619984E1
4.627517356E0,2.249679947E1,-1.761680031E1,-1.503039932E1
4.637517356E0,2.289939880E1,-1.790959930E1,-1.561599922E1
4.647518089E0,2.278960037E1,-1.819019890E1,-1.510359955E1
4.657529319E0,2.180139923E1,-1.819019890E1,-1.474979973E1
4.667517356E0,2.237479973E1,-1.770219994E1,-1.443260002E1
4.677529075E0,2.121579933E1,-1.838539886E1,-1.487179947E1
4.687510764E0,2.167939949E1,-1.827560043E1,-1.424959946E1
4.697529319E0,2.099619865E1,-1.847080040E1,-1.427400017E1
4.707515891E0,2.077659988E1,-1.855620003E1,-1.348099995E1
4.717529319E0,2.038619995E1,-1.903199959E1,-1.349319935E1
4.727532493E0,2.008119965E1,-1.883679962E1,-1.340779972E1
4.737529319E0,2.038619995E1,-1.875139999E1,-1.379819965E1
4.747529319E0,1.999580002E1,-1.856839943E1,-1.382259941E1
4.757529075E0,2.050819969E1,-1.819019890E1,-1.431059933E1
4.767529319E0,2.061800003E1,-1.734840012E1,-1.453020000E1
4.777517356E0,2.049600029E1,-1.686039925E1,-1.404220009E1
4.787529319E0,2.088640022E1,-1.723859978E1,-1.401779938E1
4.797517356E0,2.072780037E1,-1.668959999E1,-1.504259968E1
4.807529075E0,2.120359993E1,-1.610400009E1,-1.433500004E1
4.817517600E0,2.072780037E1,-1.537199974E1,-1.487179947E1
4.827529563E0,2.177700043E1,-1.525000000E1,-1.402999973E1
4.837517112E0,2.198439980E1,-1.533539963E1,-1.421299934E1
4.847528831E0,2.166720009E1,-1.457899952E1,-1.354199982E1
4.857516380E0,2.156959915E1,-1.438379955E1,-1.365180016E1
4.867529319E0,2.204539871E1,-1.474979973E1,-1.301739979E1
4.877517112E0,2.164279938E1,-1.379819965E1,-1.266359997E1
4.887529075E0,2.191119957E1,-1.406659985E1,-1.213899994E1
4.897517356E0,2.217959976E1,-1.404220009E1,-1.112639999E1
4.907517845E0,2.247239876E1,-1.376159954E1,-1.132159996E1
4.917529563E0,2.253339958E1,-1.401779938E1,-1.030900002E1
4.927528831E0,2.164279938E1,-1.365180016E1,-9.955200195E0
4.937529075E0,2.214299965E1,-1.335900021E1,-1.013819981E1
4.947516868E0,2.198439980E1,-1.323699951E1,-8.442399979E0
4.957529319E0,2.224059868E1,-1.387139988E1,-7.307799816E0
4.967517356E0,2.202099991E1,-1.346879959E1,-6.319600105E0
4.977529319E0,2.241139984E1,-1.318820000E1,-6.514800072E0
4.987517600E0,2.228940010E1,-1.278559971E1,-5.624199867E0
4.997529075E0,2.192339897E1,-1.318820000E1,-6.441599846E0
5.007517356E0,2.217959976E1,-1.344439983E1,-5.111799717E0
5.017529075E0,2.176479912E1,-1.362739944E1,-4.526199818E0
5.027517112E0,2.161839867E1,-1.378599930E1,-3.123199940E0
5.037529075E0,2.069120026E1,-1.401779938E1,-4.757999897E0
5.047526634E0,2.037400055E1,-1.448139954E1,-4.160200119E0
5.057529075E0,1.969079971E1,-1.467659950E1,-4.184599876E0
5.067524925E0,2.016659927E1,-1.522559929E1,-3.647799969E0
5.077529075E0,1.941020012E1,-1.572579956E1,-4.477399826E0
5.087529563E0,1.911739922E1,-1.544519997E1,-4.501800060E0
5.097529075E0,1.947119904E1,-1.494499969E1,-3.586799860E0
5.107528831E0,1.987380028E1,-1.514019966E1,-3.867399931E0
5.117520042E0,2.006900024E1,-1.523779964E1,-3.855199814E0
5.127529075E0,1.939799881E1,-1.487179947E1,-4.196799755E0
5.137517356E0,1.977619934E1,-1.466440010E1,-3.781999826E0
5.147529319E0,2.019099998E1,-1.527439976E1,-1.537199974E0
5.157517112E0,2.010560036E1,-1.471319962E1,-1.854399920E0
5.167520530E0,2.009339905E1,-1.499380016E1,-1.646999955E0
5.177517112E0,1.941020012E1,-1.518900013E1,-1.476199985E0
5.187529075E0,1.910519981E1,-1.509140015E1,-1.293200016E0
5.197511497E0,1.973959923E1,-1.543299961E1,4.513999820E-1
5.207517356E0,1.964200020E1,-1.571360016E1,4.635999799E-1
5.217517600E0,1.914179993E1,-1.533539963E1,6.222000122E-1
5.227529075E0,1.865379906E1,-1.581120014E1,5.123999715E-1
5.237529319E0,1.901980019E1,-1.607959938E1,1.342000008E0
5.247525901E0,1.862940025E1,-1.607959938E1,1.220000029E0
5.257537376E0,1.867819977E1,-1.667740059E1,-1.586000025E-1
5.267528831E0,1.897099876E1,-1.639679909E1,-2.561999857E-1
5.277529075E0,1.895879936E1,-1.638459969E1,4.879999906E-2
5.287529319E0,1.858059883E1,-1.687260056E1,-3.659999967E-1
5.297529319E0,1.901980019E1,-1.747039986E1,-1.939799905E0
5.307530540E0,1.923939896E1,-1.728739929E1,-2.427799940E0
5.317529075E0,1.933699989E1,-1.690919876E1,-2.537600040E0
5.327517356E0,1.925160027E1,-1.692140007E1,-2.647399902E0
5.337529075E0,2.032519913E1,-1.718980026E1,-2.891399860E0
5.347517600E0,2.032519913E1,-1.710439873E1,-2.891399860E0
5.357529075E0,2.048379898E1,-1.750699997E1,-4.574999809E0
5.367517356E0,2.076440048E1,-1.759239960E1,-4.160200119E0
5.377529319E0,2.117919922E1,-1.732399940E1,-5.050799847E0
5.387516868E0,2.128899956E1,-1.771439934E1,-5.343599796E0
5.397518821E0,2.034959984E1,-1.803159904E1,-6.587999821E0
5.407514182E0,2.086199951E1,-1.822679901E1,-7.161399841E0
5.417517112E0,2.058139992E1,-1.861719894E1,-7.466399670E0
5.427530540E0,2.081320000E1,-1.844639969E1,-8.661999702E0
5.437528831E0,2.067899895E1,-1.842199898E1,-7.466399670E0
5.447529075E0,2.137439919E1,-1.814139938E1,-7.844599724E0
5.457529319E0,2.165499878E1,-1.869039917E1,-7.405399799E0
5.467529319E0,2.115480042E1,-1.888559914E1,-7.222399712E0
5.477516868E0,2.174040031E1,-1.934919930E1,-7.283400059E0
5.487528831E0,2.211859894E1,-1.877579880E1,-6.880799770E0
5.497517356E0,2.163059998E1,-1.897099876E1,-6.905200005E0
5.507529319E0,2.105719948E1,-1.916619873E1,-7.222399712E0
5.517517600E0,2.175259972E1,-1.944680023E1,-7.588399887E0
5.527529075E0,2.067899895E1,-1.993479919E1,-7.527400017E0
5.537517356E0,2.078879929E1,-2.078879929E1,-8.003199577E0
5.547529319E0,2.060579872E1,-2.023979950E1,-8.320400238E0
5.557510764E0,2.042280006E1,-2.082539940E1,-9.015799522E0
5.567529075E0,2.016659927E1,-2.093519974E1,-9.930799484E0
5.577517112E0,2.037400055E1,-2.142319870E1,-1.051639938E1
5.587529319E0,1.959319878E1,-2.133779907E1,-1.045539951E1
5.597522972E0,1.893440056E1,-2.164279938E1,-1.117519951E1
5.607529075E0,1.942239952E1,-2.172819901E1,-1.145580006E1
5.617529319E0,1.877579880E1,-2.204539871E1,-1.267579937E1
5.627529319E0,1.860499954E1,-2.215519905E1,-1.338339996E1
5.637529319E0,1.890999985E1,-2.215519905E1,-1.346879959E1
5.647517356E0,1.904419899E1,-2.217959976E1,-1.467659950E1
5.657528831E0,1.952000046E1,-2.226499939E1,-1.415199947E1
5.667518333E0,1.905640030E1,-2.163059998E1,-1.509140015E1
5.677529319E0,1.919059944E1,-2.183799934E1,-1.628699875E1
5.687517356E0,1.909300041E1,-2.202099991E1,-1.617720032E1
5.697529319E0,1.910519981E1,-2.185019875E1,-1.659199905E1
5.707517845E0,2.037400055E1,-2.154520035E1,-1.643339920E1
5.717517600E0,1.922719955E1,-2.110599899E1,-1.729960060E1
5.727516868E0,1.964200020E1,-2.139879990E1,-1.798279953E1
5.737529075E0,1.950779915E1,-2.193560028E1,-1.676280022E1
5.747524436E0,1.967860031E1,-2.210639954E1,-1.595759964E1
5.757529319E0,1.904419899E1,-2.243579865E1,-1.777540016E1
5.767523704E0,1.903199959E1,-2.253339958E1,-1.748259926E1
5.777517845E0,1.960540009E1,-2.222839928E1,-1.705559921E1
5.787529075E0,1.945899963E1,-2.263099861E1,-1.836100006E1
5.797529319E0,1.880019951E1,-2.228940010E1,-1.930039978E1
5.807529319E0,1.854399872E1,-2.249679947E1,-2.021539879E1
5.817529075E0,1.848299980E1,-2.186240005E1,-2.133779907E1
5.827528831E0,1.875139999E1,-2.185019875E1,-2.082539940E1
5.837517356E0,1.948340034E1,-2.149639893E1,-2.220400047E1
5.847529319E0,1.854399872E1,-2.124020004E1,-2.315559959E1
5.857518089E0,1.797060013E1,-2.115480042E1,-2.369239998E1
5.867528831E0,1.817799950E1,-2.126459885E1,-2.398519897E1
5.877517600E0,1.837319946E1,-2.059359932E1,-2.408279991E1
5.887529319E0,1.900759888E1,-2.015439987E1,-2.547360039E1
5.897524192E0,1.911739922E1,-2.033740044E1,-2.576639938E1
5.907529075E0,1.948340034E1,-1.975180054E1,-2.507099915E1
5.917526389E0,2.020319939E1,-1.939799881E1,-2.604699898E1
5.927529075E0,2.098399925E1,-1.900759888E1,-2.592499924E1
5.937527854E0,2.053260040E1,-1.837319946E1,-2.716939926E1
5.947529075E0,2.086199951E1,-1.762899971E1,-2.787699890E1
5.957537132E0,2.109379959E1,-1.727519989E1,-2.907259941E1
5.967529319E0,2.109379959E1,-1.727519989E1,-2.907259941E1
5.977529319E0,2.148419952E1,-1.745820045E1,-2.915799904E1
5.987529075E0,2.139879990E1,-1.681159973E1,-2.937759972E1
5.997529319E0,2.222839928E1,-1.723859978E1,-2.802339935E1
6.007523216E0,2.253339958E1,-1.733619881E1,-2.830399895E1
6.017529319E0,2.258219910E1,-1.645779991E1,-2.681559944E1
6.027517356E0,2.250899887E1,-1.646999931E1,-2.752319908E1
6.037528831E0,2.222839928E1,-1.648220062E1,-2.763299942E1
6.047517600E0,2.241139984E1,-1.628699875E1,-2.753540039E1
6.057529319E0,2.275300026E1,-1.659199905E1,-2.871879959E1
6.067517356E0,2.208199883E1,-1.642119980E1,-2.915799904E1
6.077528831E0,2.205760002E1,-1.603079987E1,-2.865779877E1
6.087525901E0,2.169159889E1,-1.643339920E1,-2.947519875E1
6.097529319E0,2.197220039E1,-1.604299927E1,-2.907259941E1
6.107512718E0,2.170380020E1,-1.643339920E1,-2.976799965E1
6.117529075E0,2.153299904E1,-1.654319954E1,-3.037800026E1
6.127530296E0,2.114259911E1,-1.665299988E1,-3.069519997E1
6.137529319E0,2.083759880E1,-1.654319954E1,-3.031699944E1
6.147529319E0,2.045940018E1,-1.731180000E1,-3.051219940E1
6.157528831E0,1.950779915E1,-1.697019958E1,-3.157359886E1
6.167517112E0,1.992259979E1,-1.706780052E1,-3.204940033E1
6.177517600E0,1.952000046E1,-1.678719902E1,-3.176879883E1
6.187529319E0,1.961759949E1,-1.734840012E1,-3.195179939E1
6.197517356E0,1.779979897E1,-1.731180000E1,-3.334259796E1
6.207529075E0,1.836100006E1,-1.737279892E1,-3.251300049E1
6.217517356E0,1.788520050E1,-1.710439873E1,-3.274480057E1
6.227529319E0,1.840979958E1,-1.664080048E1,-3.363539886E1
6.237517112E0,1.829999924E1,-1.617720032E1,-3.354999924E1
6.247529075E0,1.945899963E1,-1.605520058E1,-3.309859848E1
6.257525901E0,1.930039978E1,-1.560379982E1,-3.392819977E1
6.267529075E0,2.095960045E1,-1.520119953E1,-3.365979767E1
6.277513450E0,2.203319931E1,-1.481079960E1,-3.351340103E1
6.287529075E0,2.267980003E1,-1.478639984E1,-3.248859787E1
6.297516624E0,2.241139984E1,-1.470099926E1,-3.309859848E1
6.307529319E0,2.249679947E1,-1.478639984E1,-3.289120102E1
6.317529319E0,2.315559959E1,-1.457899952E1,-3.217139816E1
6.327526389E0,2.347279930E1,-1.459119987E1,-3.265940094E1
6.337528831E0,2.341180038E1,-1.385919952E1,-3.378179932E1
6.347517112E0,2.260659981E1,-1.433500004E1,-3.340359879E1
6.357529319E0,2.337520027E1,-1.459119987E1,-3.285459900E1
6.367517356E0,2.414379883E1,-1.410319996E1,-3.243980026E1
6.377529075E0,2.455859947E1,-1.421299934E1,-3.312300110E1
6.387517600E0,2.472939873E1,-1.399339962E1,-3.220800018E1
6.397529319E0,2.502219963E1,-1.409099960E1,-3.239099884E1
6.407517356E0,2.482699966E1,-1.418859959E1,-3.230559921E1
6.417529075E0,2.389979935E1,-1.394460011E1,-3.375740051E1
6.427517112E0,2.391199875E1,-1.300519943E1,-3.418439865E1
6.437529319E0,2.425359917E1,-1.304179955E1,-3.577040100E1
6.447524192E0,2.422920036E1,-1.283440018E1,-3.478219986E1
6.457517112E0,2.454640007E1,-1.274899960E1,-3.546540070E1
6.467521995E0,2.471719933E1,-1.310279942E1,-3.464799881E1
6.477517112E0,2.433899879E1,-1.284659958E1,-3.536779785E1
6.487529075E0,2.510759926E1,-1.291979980E1,-3.483099747E1
6.497513938E0,2.471719933E1,-1.254160023E1,-3.486759949E1
6.507529075E0,2.529059982E1,-1.262699986E1,-3.442839813E1
6.517517356E0,2.599819946E1,-1.215119934E1,-3.481879807E1
6.527529075E0,2.525399971E1,-1.190719986E1,-3.616080093E1
6.537517356E0,2.533939934E1,-1.161439991E1,-3.586800003E1
6.547529075E0,2.640079880E1,-1.121179962E1,-3.522140121E1
6.557517600E0,2.625440025E1,-1.049199963E1,-3.675859833E1
6.567529319E0,2.579080009E1,-9.564800262E0,-3.740520096E1
6.577517600E0,2.636419868E1,-9.454999924E0,-3.688059998E1
6.587529075E0,2.657159996E1,-8.332599640E0,-3.740520096E1
6.597517356E0,2.659599876E1,-8.064199448E0,-3.821039963E1
6.607529319E0,2.737679863E1,-7.771399975E0,-3.807619858E1
6.617519554E0,2.795019913E1,-7.088200092E0,-3.746619797E1
6.627529075E0,2.871879959E1,-6.502599716E0,-3.714899826E1
6.637526145E0,2.856019974E1,-6.429399967E0,-3.796640015E1
6.647529075E0,2.835280037E1,-6.417200089E0,-3.756380081E1
6.657537132E0,2.827960014E1,-5.502200127E0,-3.840559769E1
6.667529075E0,2.897500038E1,-5.489999771E0,-3.867399979E1
6.677517112E0,2.895059967E1,-5.392399788E0,-3.807619858E1
6.687517356E0,3.008519936E1,-5.441199780E0,-3.691719818E1
6.697529075E0,3.068299866E1,-4.965399742E0,-3.700259781E1
6.707517600E0,3.090259933E1,-4.892199993E0,-3.769799805E1
6.717517356E0,3.097579956E1,-4.306600094E0,-3.680739975E1
6.727517600E0,3.201279831E1,-4.648200035E0,-3.594120026E1
6.737529319E0,3.291559982E1,-4.086999893E0,-3.651459885E1
6.747517600E0,3.164679909E1,-4.477399826E0,-3.656340027E1
6.757529075E0,3.280579758E1,-4.453000069E0,-3.591679764E1
6.767517112E0,3.278139877E1,-4.245599747E0,-3.520919800E1
6.777529075E0,3.292779922E1,-4.282199860E0,-3.670980072E1
6.787526145E0,3.303759766E1,-4.757999897E0,-3.729539871E1
6.797529075E0,3.322060013E1,-4.550600052E0,-3.658779907E1
6.807511253E0,3.274480057E1,-4.770199776E0,-3.730759811E1
6.817529319E0,3.265940094E1,-4.111400127E0,-3.753939819E1
6.827528587E0,3.228120041E1,-4.599400043E0,-3.813719940E1
6.837529075E0,3.275699997E1,-4.111400127E0,-3.762479782E1
6.847529075E0,3.268379974E1,-3.842999935E0,-3.824699783E1
6.857517112E0,3.308639908E1,-3.464799881E0,-3.863739777E1
6.867529319E0,3.212260056E1,-3.013399839E0,-3.919860077E1
6.877530540E0,3.279359818E1,-2.903599977E0,-3.846659851E1
6.887528831E0,3.270819855E1,-1.878799915E0,-3.899119949E1
6.897517600E0,3.251300049E1,-1.781199932E0,-3.900339890E1
6.907529075E0,3.356219864E1,-1.842199922E0,-3.795420074E1
6.917517600E0,3.346459961E1,-1.463999987E0,-3.806399918E1
6.927529075E0,3.333039856E1,-1.122399926E0,-3.979639816E1
6.937517600E0,3.374520111E1,-1.268800020E0,-3.775899887E1
6.947525413E0,3.458699799E1,-3.781999946E-1,-3.623400116E1
6.957513450E0,3.445280075E1,-5.123999715E-1,-3.814939880E1
6.967517600E0,3.400139999E1,2.073999941E-1,-3.949139786E1
6.977517112E0,3.461140060E1,4.513999820E-1,-3.696599960E1
6.987529075E0,3.505059814E1,8.051999807E-1,-3.856419754E1
6.997515647E0,3.426979828E1,5.123999715E-1,-3.858860016E1
7.007517600E0,3.495299911E1,1.378600001E0,-3.847879791E1
7.017529319E0,3.407460022E1,1.744599938E0,-3.862519836E1
7.027529563E0,3.428199768E1,1.354200006E0,-3.901559830E1
7.037529319E0,3.429420090E1,1.158999920E0,-3.921080017E1
7.047518333E0,3.498960114E1,1.817799926E0,-3.969879913E1
7.057528831E0,3.478219986E1,2.391200066E0,-3.932059860E1
7.067518089E0,3.500180054E1,2.476599932E0,-3.971099854E1
7.077529075E0,3.469680023E1,2.391200066E0,-3.962559891E1
7.087517600E0,3.467239761E1,2.598599911E0,-3.872279739E1
7.097529075E0,3.514820099E1,2.696199894E0,-3.850320053E1
7.107517356E0,3.518479919E1,2.964599848E0,-3.930839920E1
7.117529319E0,3.517259979E1,3.159800053E0,-3.891799927E1
7.127517112E0,3.622179794E1,3.464799881E0,-3.827140045E1
7.137529075E0,3.575819778E1,3.452600002E0,-3.900339890E1
7.147511253E0,3.486759949E1,3.635599852E0,-3.874720001E1
7.157518333E0,3.556299973E1,3.257400036E0,-3.900339890E1
7.167522239E0,3.557519913E1,3.818599939E0,-3.941819763E1
7.177529075E0,3.478219986E1,4.001599789E0,-3.905220032E1
7.187529075E0,3.509939957E1,4.562799931E0,-3.985739899E1
7.197517600E0,3.509939957E1,4.086999893E0,-3.964999771E1
7.207529319E0,3.451379776E1,4.074800014E0,-3.986959839E1
7.217514915E0,3.434299850E1,4.245599747E0,-4.068700027E1
7.227529075E0,3.444059753E1,4.635999680E0,-4.049179840E1
7.237517356E0,3.424539948E1,4.343199730E0,-4.049179840E1
7.247529319E0,3.407460022E1,4.428599834E0,-4.121159744E1
7.257517600E0,3.435519791E1,4.623799801E0,-4.100419998E1
7.267529075E0,3.367200089E1,4.135799885E0,-4.111399841E1
7.277517356E0,3.414780045E1,4.245599747E0,-4.060160065E1
7.287529075E0,3.407460022E1,4.330999851E0,-4.130920029E1
7.297517356E0,3.398920059E1,4.038199902E0,-4.171179962E1
7.307529075E0,3.386719894E1,4.709199905E0,-4.082119751E1
7.317517112E0,3.492860031E1,5.294799805E0,-4.049179840E1
7.327529319E0,3.406240082E1,5.563199997E0,-4.073579788E1
7.337525413E0,3.520919800E1,5.221600056E0,-3.996719742E1
7.347528831E0,3.595339966E1,5.819399834E0,-3.895459747E1
7.357536888E0,3.502619934E1,4.733600140E0,-4.046739960E1
7.367529319E0,3.530680084E1,5.026400089E0,-3.996719742E1
7.377529075E0,3.607539749E1,4.953199863E0,-3.962559891E1
7.387511009E0,3.617300034E1,4.855599880E0,-3.941819763E1
7.397529075E0,3.558739853E1,5.514400005E0,-3.975979996E1
7.407517600E0,3.635599899E1,5.343599796E0,-3.901559830E1
7.417517600E0,3.577040100E1,5.050799847E0,-3.934499741E1
7.427517356E0,3.586800003E1,5.526599884E0,-3.924739838E1
7.437517600E0,3.607539749E1,5.514400005E0,-3.954019928E1
7.447517356E0,3.573379898E1,5.489999771E0,-4.095539856E1
7.457517112E0,3.636819839E1,5.709599972E0,-3.952799988E1
7.467515403E0,3.616080093E1,5.819399834E0,-3.904000092E1
7.477529075E0,3.625839996E1,5.807199955E0,-3.923519897E1
7.487517112E0,3.508720016E1,6.270800114E0,-3.910099792E1
7.497529319E0,3.551419830E1,6.063399792E0,-4.038199997E1
7.507511497E0,3.548979950E1,6.270800114E0,-3.968659973E1
7.517529075E0,3.613639832E1,6.392799854E0,-3.845439911E1
7.527526389E0,3.605099869E1,6.002399921E0,-3.884479904E1
7.537529075E0,3.616080093E1,5.904799938E0,-3.914979935E1
7.547529319E0,3.607539749E1,6.563600063E0,-3.936940002E1
7.557529075E0,3.645359802E1,6.002399921E0,-3.923519897E1
7.567529075E0,3.663660049E1,6.295199871E0,-3.883259964E1
7.577517356E0,3.586800003E1,6.563600063E0,-3.897900009E1
7.587529319E0,3.673419952E1,6.295199871E0,-3.872279739E1
7.597517600E0,3.586800003E1,6.758800030E0,-3.917419815E1
7.607517112E0,3.577040100E1,6.746599674E0,-3.928400040E1
7.617517356E0,3.548979950E1,6.453799725E0,-3.949139786E1
7.627529075E0,3.520919800E1,7.295599937E0,-4.002819824E1
7.637517356E0,3.570940018E1,7.197999954E0,-4.030879974E1
7.647529075E0,3.501399994E1,6.917399883E0,-4.002819824E1
7.657522972E0,3.551419830E1,7.014999866E0,-4.010139847E1
7.667529319E0,3.520919800E1,6.636799812E0,-4.001599884E1
7.677516624E0,3.474559784E1,6.807600021E0,-4.063819885E1
7.687529075E0,3.511159897E1,6.636799812E0,-3.991839981E1
7.697514671E0,3.501399994E1,6.441599846E0,-4.001599884E1
7.707521018E0,3.559959793E1,6.356199741E0,-3.997940063E1
7.717529563E0,3.538000107E1,6.466000080E0,-3.939379883E1
7.727528831E0,3.586800003E1,6.282999992E0,-3.927180099E1
7.737529075E0,3.566059875E1,6.380599976E0,-3.897900009E1
7.747530052E0,3.540439987E1,6.453799725E0,-3.979639816E1
7.757517600E0,3.577040100E1,6.282999992E0,-3.927180099E1
7.767517112E0,3.539220047E1,6.270800114E0,-3.968659973E1
7.777529075E0,3.545319748E1,6.575799942E0,-3.858860016E1
7.787517356E0,3.536779785E1,7.039400101E0,-3.871059799E1
7.797529075E0,3.480659866E1,7.210199833E0,-3.963779831E1
7.807517600E0,3.531900024E1,7.002799988E0,-4.021120071E1
7.817529075E0,3.529459763E1,7.027199745E0,-3.941819763E1
7.827517112E0,3.517259979E1,6.466000080E0,-3.900339890E1
7.837529075E0,3.558739853E1,6.368400097E0,-3.938159943E1
7.847522972E0,3.577040100E1,6.466000080E0,-3.907659912E1
7.857529075E0,3.539220047E1,5.795000076E0,-3.967440033E1
7.867520042E0,3.548979950E1,5.611999989E0,-3.956459808E1
7.877529319E0,3.579479980E1,6.173199654E0,-3.977199936E1
7.887529319E0,3.617300034E1,5.892600060E0,-3.964999771E1
7.897529075E0,3.584359741E1,5.819399834E0,-3.845439911E1
7.907529319E0,3.586800003E1,6.466000080E0,-3.917419815E1
7.917529319E0,3.605099869E1,5.538799763E0,-3.883259964E1
7.927531272E0,3.586800003E1,5.331399918E0,-3.913759995E1
7.937517112E0,3.653899765E1,5.343599796E0,-3.890579987E1
7.947528831E0,3.614859772E1,5.062999725E0,-3.901559830E1
7.957517356E0,3.623400116E1,5.355799675E0,-3.862519836E1
7.967517600E0,3.644139862E1,5.636399746E0,-3.891799927E1
7.977517356E0,3.623400116E1,5.258199692E0,-3.832019806E1
7.987529075E0,3.633160019E1,5.258199692E0,-3.851539993E1
7.997517112E0,3.653899765E1,5.160599709E0,-3.890579987E1
8.007529319E0,3.631940079E1,5.270400047E0,-3.791759872E1
8.017524192E0,3.680739975E1,5.368000031E0,-3.810059738E1
8.027529075E0,3.642919922E1,4.880000114E0,-3.850320053E1
8.037523948E0,3.672200012E1,4.977600098E0,-3.858860016E1
8.047529319E0,3.642919922E1,5.172800064E0,-3.830799866E1
8.057537132E0,3.644139862E1,4.965399742E0,-3.890579987E1
8.067529075E0,3.652679825E1,5.258199692E0,-3.850320053E1
8.077517356E0,3.613639832E1,5.062999725E0,-3.862519836E1
8.087529319E0,3.720999908E1,4.989799976E0,-3.827140045E1
8.097529319E0,3.670980072E1,4.794600010E0,-3.818600082E1
8.107516868E0,3.691719818E1,5.172800064E0,-3.838119888E1
8.117529075E0,3.625839996E1,5.148399830E0,-3.901559830E1
8.127517356E0,3.664879990E1,5.538799763E0,-3.911320114E1
8.137529319E0,3.664879990E1,4.965399742E0,-3.910099792E1
8.147517600E0,3.644139862E1,5.160599709E0,-3.871059799E1
8.157529075E0,3.728319931E1,5.197199821E0,-3.766139984E1
8.167517356E0,3.614859772E1,5.343599796E0,-3.883259964E1
8.177529319E0,3.603879929E1,5.160599709E0,-3.862519836E1
8.187524680E0,3.663660049E1,5.355799675E0,-3.860079956E1
8.197529075E0,3.651459885E1,5.453399658E0,-3.821039963E1
8.207530296E0,3.651459885E1,5.465600014E0,-3.790539932E1
8.217529319E0,3.718560028E1,5.575399876E0,-3.768579865E1
8.227526145E0,3.710020065E1,5.563199997E0,-3.799079895E1
8.237529075E0,3.708799744E1,5.477799892E0,-3.778339767E1
8.247529075E0,3.711240005E1,5.563199997E0,-3.818600082E1
8.257517356E0,3.730759811E1,5.551000118E0,-3.847879791E1
8.267529319E0,3.731979752E1,5.172800064E0,-3.877159882E1
8.277517356E0,3.718560028E1,5.575399876E0,-3.768579865E1
8.287529075E0,3.708799744E1,5.197199821E0,-3.757600021E1
8.297517356E0,3.710020065E1,6.039000034E0,-3.779560089E1
8.307529319E0,3.672200012E1,5.929199696E0,-3.821039963E1
8.317517600E0,3.691719818E1,5.746200085E0,-3.819820023E1
8.327529075E0,3.690499878E1,5.746200085E0,-3.800299835E1
8.337517356E0,3.747840118E1,6.051199913E0,-3.757600021E1
8.347529563E0,3.708799744E1,5.758399963E0,-3.758819962E1
8.357522972E0,3.719779968E1,5.660799980E0,-3.797859955E1
8.367529075E0,3.727099991E1,5.672999859E0,-3.717340088E1
8.377515647E0,3.700259781E1,6.697799683E0,-3.781999969E1
8.387529075E0,3.680739975E1,5.843800068E0,-3.790539932E1
8.397514427E0,3.668539810E1,5.953599930E0,-3.741740036E1
8.407529075E0,3.710020065E1,5.746200085E0,-3.808839798E1
8.417529075E0,3.690499878E1,5.758399963E0,-3.779560089E1
8.427517600E0,3.710020065E1,5.941400051E0,-3.779560089E1
8.437528831E0,3.651459885E1,6.124399662E0,-3.802740097E1
8.447529075E0,3.688059998E1,5.770599842E0,-3.719779968E1
8.457529075E0,3.636819839E1,5.904799938E0,-3.933279800E1
8.467517600E0,3.719779968E1,5.563199997E0,-3.778339767E1
8.477529563E0,3.679520035E1,5.660799980E0,-3.760039902E1
8.487517356E0,3.690499878E1,5.660799980E0,-3.789319992E1
8.497529075E0,3.661219788E1,6.124399662E0,-3.791759872E1
8.507517600E0,3.718560028E1,5.575399876E0,-3.757600021E1
8.517529319E0,3.689279938E1,5.953599930E0,-3.750279999E1
8.527515403E0,3.689279938E1,5.380199909E0,-3.779560089E1
8.537529075E0,3.689279938E1,5.855999947E0,-3.760039902E1
8.547520530E0,3.668539810E1,5.855999947E0,-3.730759811E1
8.557529319E0,3.669759750E1,5.758399963E0,-3.761259842E1
8.567519554E0,3.670980072E1,5.551000118E0,-3.810059738E1
8.577529075E0,3.690499878E1,6.319600105E0,-3.811280060E1
8.587528098E0,3.691719818E1,5.831599712E0,-3.840559769E1
8.597529075E0,3.631940079E1,6.124399662E0,-3.794199753E1
8.607529319E0,3.631940079E1,6.026799679E0,-3.813719940E1
8.617529319E0,3.652679825E1,5.648600101E0,-3.841780090E1
8.627529319E0,3.650239944E1,6.417200089E0,-3.773460007E1
8.637517356E0,3.670980072E1,5.941400051E0,-3.791759872E1
8.647529075E0,3.644139862E1,5.538799763E0,-3.882040024E1
8.657517112E0,3.642919922E1,5.831599712E0,-3.843000031E1
8.667529075E0,3.641699982E1,6.124399662E0,-3.792979813E1
8.677517600E0,3.605099869E1,6.197599888E0,-3.895459747E1
8.687529319E0,3.622179794E1,6.112199783E0,-3.813719940E1
8.697517356E0,3.655120087E1,5.538799763E0,-3.901559830E1
8.707529319E0,3.712459946E1,5.551000118E0,-3.858860016E1
8.717516380E0,3.710020065E1,6.124399662E0,-3.810059738E1
8.727529319E0,3.644139862E1,6.112199783E0,-3.863739777E1
8.737523704E0,3.652679825E1,6.026799679E0,-3.833239746E1
8.747529319E0,3.623400116E1,6.112199783E0,-3.853979874E1
8.757537132E0,3.683179855E1,6.014599800E0,-3.871059799E1
8.767518089E0,3.670980072E1,6.124399662E0,-3.781999969E1
8.777529075E0,3.692939758E1,6.112199783E0,-3.880820084E1
8.787513938E0,3.631940079E1,5.831599712E0,-3.812500000E1
8.797529075E0,3.670980072E1,6.124399662E0,-3.801519775E1
8.807517356E0,3.672200012E1,6.014599800E0,-3.851539993E1
8.817529319E0,3.652679825E1,6.209799767E0,-3.833239746E1
8.827517600E0,3.661219788E1,6.502599716E0,-3.792979813E1
8.837529319E0,3.655120087E1,6.392799854E0,-3.894239807E1
8.847519309E0,3.613639832E1,6.197599888E0,-3.855199814E1
8.857529319E0,3.651459885E1,6.221999645E0,-3.802740097E1
8.867517112E0,3.584359741E1,6.770999908E0,-3.827140045E1
8.877529075E0,3.614859772E1,6.868599892E0,-3.856419754E1
8.887522972E0,3.634379959E1,6.392799854E0,-3.864960098E1
8.897529319E0,3.645359802E1,6.856400013E0,-3.895459747E1
8.907530052E0,3.623400116E1,6.587999821E0,-3.825920105E1
8.917529075E0,3.670980072E1,6.417200089E0,-3.781999969E1
8.927525413E0,3.614859772E1,6.197599888E0,-3.874720001E1
8.937529319E0,3.652679825E1,6.502599716E0,-3.823479843E1
8.947529075E0,3.658779907E1,6.051199913E0,-3.722219849E1
8.957517356E0,3.633160019E1,6.392799854E0,-3.834460068E1
8.967529319E0,3.641699982E1,5.648600101E0,-3.822259903E1
8.977517112E0,3.616080093E1,6.478199959E0,-3.916199875E1
8.987528831E0,3.717340088E1,6.526999950E0,-3.730759811E1
8.997517356E0,3.601440048E1,6.307399750E0,-3.775899887E1
9.007529075E0,3.700259781E1,6.697799683E0,-3.801519775E1
9.017517600E0,3.614859772E1,6.197599888E0,-3.895459747E1
9.027529319E0,3.642919922E1,6.404999733E0,-3.823479843E1
9.037517356E0,3.652679825E1,6.209799767E0,-3.852759933E1
9.047528831E0,3.575819778E1,6.575799942E0,-3.867399979E1
9.057511253E0,3.603879929E1,6.392799854E0,-3.845439911E1
9.067529319E0,3.594120026E1,6.478199959E0,-3.856419754E1
9.077515403E0,3.633160019E1,6.392799854E0,-3.853979874E1
9.087517600E0,3.634379959E1,5.916999817E0,-3.863739777E1
9.097513450E0,3.655120087E1,6.099999905E0,-3.893019867E1
9.107529075E0,3.645359802E1,6.478199959E0,-3.924739838E1
9.117529319E0,3.623400116E1,5.831599712E0,-3.843000031E1
9.127529075E0,3.653899765E1,6.295199871E0,-3.863739777E1
9.137525657E0,3.614859772E1,6.295199871E0,-3.874720001E1
9.147517356E0,3.719779968E1,6.221999645E0,-3.800299835E1
9.157529075E0,3.641699982E1,6.026799679E0,-3.812500000E1
9.167517356E0,3.673419952E1,5.831599712E0,-3.861299896E1
9.177529319E0,3.624620056E1,6.575799942E0,-3.864960098E1
9.187517600E0,3.700259781E1,6.404999733E0,-3.811280060E1
9.197529319E0,3.612419891E1,6.783199787E0,-3.806399918E1
9.207517356E0,3.652679825E1,6.587999821E0,-3.823479843E1
9.217528831E0,3.644139862E1,6.392799854E0,-3.874720001E1
9.227517112E0,3.603879929E1,6.295199871E0,-3.845439911E1
9.237529319E0,3.701480103E1,6.026799679E0,-3.850320053E1
9.247521263E0,3.623400116E1,6.587999821E0,-3.825920105E1
9.257529075E0,3.663660049E1,6.392799854E0,-3.852759933E1
9.267520042E0,3.664879990E1,6.856400013E0,-3.894239807E1
9.277529319E0,3.634379959E1,6.673399925E0,-3.875939941E1
9.287529319E0,3.651459885E1,6.209799767E0,-3.812500000E1
9.297517356E0,3.616080093E1,5.904799938E0,-3.914979935E1
9.307516868E0,3.666099930E1,6.002399921E0,-3.952799988E1
9.317517356E0,3.673419952E1,6.014599800E0,-3.872279739E1
9.327529319E0,3.663660049E1,6.112199783E0,-3.882040024E1
9.337517845E0,3.703919983E1,6.953999996E0,-3.893019867E1
9.347529075E0,3.663660049E1,6.112199783E0,-3.882040024E1
9.357517600E0,3.642919922E1,6.026799679E0,-3.833239746E1
9.367529319E0,3.663660049E1,6.014599800E0,-3.862519836E1
9.377517112E0,3.662440109E1,5.929199696E0,-3.841780090E1
9.387529319E0,3.663660049E1,5.819399834E0,-3.882040024E1
9.397517112E0,3.645359802E1,5.904799938E0,-3.912540054E1
9.407529319E0,3.624620056E1,6.197599888E0,-3.884479904E1
9.417518821E0,3.673419952E1,6.392799854E0,-3.872279739E1
9.427528831E0,3.681959915E1,6.502599716E0,-3.822259903E1
9.437523216E0,3.642919922E1,6.392799854E0,-3.853979874E1
9.447529319E0,3.673419952E1,5.819399834E0,-3.880820084E1
9.457537132E0,3.690499878E1,6.039000034E0,-3.780780029E1
9.467529075E0,3.691719818E1,5.746200085E0,-3.829579926E1
9.477528831E0,3.618519974E1,6.075599670E0,-3.984519958E1
9.487517356E0,3.711240005E1,6.026799679E0,-3.819820023E1
9.497529563E0,3.670980072E1,5.746200085E0,-3.801519775E1
9.507523460E0,3.600220108E1,5.941400051E0,-3.724660110E1
9.517528831E0,3.652679825E1,6.587999821E0,-3.823479843E1
9.527517600E0,3.614859772E1,6.197599888E0,-3.874720001E1
9.537532249E0,3.651459885E1,6.502599716E0,-3.813719940E1
9.547517356E0,3.606319809E1,6.466000080E0,-3.925959778E1
9.557529075E0,3.614859772E1,7.051599979E0,-3.857640076E1
9.567517845E0,3.631940079E1,6.209799767E0,-3.813719940E1
9.577529319E0,3.631940079E1,6.209799767E0,-3.813719940E1
9.587517356E0,3.644139862E1,6.490399837E0,-3.864960098E1
9.597529075E0,3.634379959E1,6.197599888E0,-3.894239807E1
9.607529563E0,3.624620056E1,6.112199783E0,-3.863739777E1
9.617529319E0,3.642919922E1,6.392799854E0,-3.853979874E1
9.627525413E0,3.673419952E1,6.295199871E0,-3.872279739E1
9.637529075E0,3.681959915E1,5.929199696E0,-3.821039963E1
9.647529075E0,3.653899765E1,5.916999817E0,-3.872279739E1
9.657517356E0,3.625839996E1,5.904799938E0,-3.923519897E1
9.667529319E0,3.645359802E1,5.904799938E0,-3.912540054E1
9.677517356E0,3.652679825E1,5.746200085E0,-3.822259903E1
9.687529075E0,3.672200012E1,5.929199696E0,-3.832019806E1
9.697517600E0,3.653899765E1,6.209799767E0,-3.863739777E1
9.707517600E0,3.614859772E1,5.916999817E0,-3.874720001E1
9.717528098E0,3.633160019E1,6.307399750E0,-3.834460068E1
9.727517356E0,3.673419952E1,5.831599712E0,-3.861299896E1
9.737517356E0,3.672200012E1,6.112199783E0,-3.851539993E1
9.747529319E0,3.641699982E1,6.209799767E0,-3.813719940E1
9.757521263E0,3.635599899E1,5.526599884E0,-3.932059860E1
9.767529075E0,3.613639832E1,6.014599800E0,-3.834460068E1
9.777514671E0,3.602659988E1,6.587999821E0,-3.796640015E1
9.787529319E0,3.670980072E1,6.502599716E0,-3.812500000E1
9.797514427E0,3.625839996E1,6.099999905E0,-3.924739838E1
9.807528831E0,3.634379959E1,6.197599888E0,-3.863739777E1
9.817534690E0,3.662440109E1,6.307399750E0,-3.852759933E1
9.827517112E0,3.701480103E1,6.026799679E0,-3.840559769E1
9.837529319E0,3.620959854E1,5.941400051E0,-3.753939819E1
9.847517356E0,3.613639832E1,5.733999729E0,-3.853979874E1
9.857519798E0,3.681959915E1,5.929199696E0,-3.851539993E1
9.867517356E0,3.672200012E1,5.831599712E0,-3.851539993E1
9.877529319E0,3.681959915E1,6.209799767E0,-3.841780090E1
9.887517600E0,3.623400116E1,5.831599712E0,-3.843000031E1
9.897529075E0,3.651459885E1,6.124399662E0,-3.812500000E1
9.907517356E0,3.661219788E1,6.221999645E0,-3.802740097E1
9.917529319E0,3.722219849E1,5.831599712E0,-3.868619919E1
9.927517112E0,3.672200012E1,6.124399662E0,-3.822259903E1
9.937529075E0,3.672200012E1,6.209799767E0,-3.832019806E1
9.947519798E0,3.678300095E1,6.429399967E0,-3.722219849E1
9.957529319E0,3.612419891E1,7.344399929E0,-3.797859955E1
9.967519065E0,3.642919922E1,6.392799854E0,-3.844219971E1
9.977529075E0,3.702700043E1,6.392799854E0,-3.882040024E1
9.987529075E0,3.623400116E1,6.404999733E0,-3.824699783E1
9.997519554E0,3.634379959E1,6.392799854E0,-3.864960098E1
1.000752932E1,3.681959915E1,6.502599716E0,-3.832019806E1
1.001751638E1,3.595339966E1,6.856400013E0,-3.867399979E1
1.002752908E1,3.673419952E1,6.490399837E0,-3.862519836E1
1.003751760E1,3.653899765E1,6.587999821E0,-3.863739777E1
1.004752908E1,3.613639832E1,6.295199871E0,-3.855199814E1
1.005751736E1,3.592900085E1,6.209799767E0,-3.816159821E1
1.006752932E1,3.691719818E1,6.209799767E0,-3.841780090E1
1.007751736E1,3.635599899E1,6.575799942E0,-3.895459747E1
1.008752908E1,3.653899765E1,6.392799854E0,-3.863739777E1
1.009751736E1,3.642919922E1,6.392799854E0,-3.844219971E1
1.010752908E1,3.673419952E1,6.392799854E0,-3.852759933E1
1.011752273E1,3.662440109E1,6.685599804E0,-3.834460068E1
1.012752932E1,3.662440109E1,6.587999821E0,-3.833239746E1
1.013752493E1,3.622179794E1,6.685599804E0,-3.816159821E1
1.014752908E1,3.702700043E1,6.966199875E0,-3.852759933E1
1.015753689E1,3.672200012E1,6.966199875E0,-3.834460068E1
1.016751711E1,3.691719818E1,6.502599716E0,-3.822259903E1
1.017752932E1,3.614859772E1,6.575799942E0,-3.875939941E1
1.018751736E1,3.674639893E1,6.575799942E0,-3.893019867E1
1.019752908E1,3.642919922E1,6.868599892E0,-3.845439911E1
1.020751736E1,3.631940079E1,6.783199787E0,-3.814939880E1
1.021752273E1,3.662440109E1,6.783199787E0,-3.824699783E1
1.022751760E1,3.652679825E1,6.783199787E0,-3.824699783E1
1.023751931E1,3.614859772E1,6.770999908E0,-3.866180038E1
1.024751736E1,3.612419891E1,6.209799767E0,-3.805179977E1
1.025751736E1,3.634379959E1,6.575799942E0,-3.864960098E1
1.026751760E1,3.691719818E1,7.161399841E0,-3.844219971E1
1.027752908E1,3.645359802E1,6.673399925E0,-3.905220032E1
1.028752151E1,3.642919922E1,6.587999821E0,-3.844219971E1
1.029752932E1,3.651459885E1,6.404999733E0,-3.803960037E1
1.030752981E1,3.651459885E1,6.685599804E0,-3.813719940E1
1.031752932E1,3.720999908E1,6.880799770E0,-3.822259903E1
1.032752492E1,3.644139862E1,6.490399837E0,-3.853979874E1
1.033752932E1,3.691719818E1,7.063799858E0,-3.813719940E1
1.034752932E1,3.669759750E1,6.892999649E0,-3.763700104E1
1.035751809E1,3.614859772E1,6.673399925E0,-3.866180038E1
1.036752908E1,3.680739975E1,6.600199699E0,-3.802740097E1
1.037751760E1,3.644139862E1,7.149199963E0,-3.856419754E1
1.038752908E1,3.701480103E1,6.600199699E0,-3.832019806E1
1.039751736E1,3.702700043E1,6.966199875E0,-3.852759933E1
1.040752908E1,3.653899765E1,6.673399925E0,-3.853979874E1
1.041751736E1,3.670980072E1,6.978399754E0,-3.784439850E1
1.042752932E1,3.740520096E1,6.880799770E0,-3.821039963E1
1.043751833E1,3.662440109E1,6.966199875E0,-3.824699783E1
1.044752908E1,3.652679825E1,7.246799946E0,-3.835680008E1
1.045752297E1,3.644139862E1,6.770999908E0,-3.855199814E1
1.046752932E1,3.644139862E1,6.868599892E0,-3.875939941E1
1.047751565E1,3.666099930E1,6.758800030E0,-3.944260025E1
1.048752883E1,3.570940018E1,6.441599846E0,-4.018679810E1
1.049751369E1,3.666099930E1,6.661200047E0,-3.954019928E1
1.050752932E1,3.617300034E1,6.941799641E0,-3.946699905E1
1.051752932E1,3.695380020E1,7.039400101E0,-3.944260025E1
1.052752908E1,3.653899765E1,7.051599979E0,-3.885699844E1
1.053752883E1,3.578260040E1,7.027199745E0,-3.939379883E1
1.054753103E1,3.750279999E1,7.075999737E0,-3.821039963E1
1.055752932E1,3.624620056E1,6.953999996E0,-3.875939941E1
1.056751760E1,3.701480103E1,6.685599804E0,-3.822259903E1
1.057752932E1,3.650239944E1,7.173599720E0,-3.755159760E1
1.058751736E1,3.718560028E1,7.271199703E0,-3.762479782E1
1.059752908E1,3.701480103E1,7.161399841E0,-3.813719940E1
1.060751760E1,3.689279938E1,6.795399666E0,-3.742959976E1
1.061751687E1,3.655120087E1,6.673399925E0,-3.904000092E1
1.062751492E1,3.614859772E1,6.856400013E0,-3.866180038E1
1.063751736E1,3.710020065E1,6.697799683E0,-3.801519775E1
1.064751711E1,3.641699982E1,6.600199699E0,-3.794199753E1
1.065751711E1,3.701480103E1,6.880799770E0,-3.822259903E1
1.066751467E1,3.642919922E1,6.966199875E0,-3.814939880E1
1.067751736E1,3.655120087E1,6.575799942E0,-3.904000092E1
1.068751760E1,3.711240005E1,6.026799679E0,-3.850320053E1
1.069752932E1,3.681959915E1,6.685599804E0,-3.843000031E1
1.070751760E1,3.688059998E1,5.953599930E0,-3.719779968E1
1.071752932E1,3.645359802E1,6.002399921E0,-3.902779770E1
1.072752932E1,3.652679825E1,6.783199787E0,-3.814939880E1
1.073752370E1,3.653899765E1,7.149199963E0,-3.855199814E1
1.074752908E1,3.700259781E1,6.697799683E0,-3.791759872E1
1.075751736E1,3.692939758E1,6.587999821E0,-3.852759933E1
1.076752908E1,3.690499878E1,6.502599716E0,-3.801519775E1
1.077751736E1,3.678300095E1,6.514800072E0,-3.731979752E1
1.078752053E1,3.707579803E1,6.429399967E0,-3.700259781E1
1.079751736E1,3.680739975E1,6.600199699E0,-3.783219910E1
1.080752932E1,3.690499878E1,7.075999737E0,-3.773460007E1
1.081752248E1,3.758819962E1,6.795399666E0,-3.799079895E1
1.082752908E1,3.777119827E1,6.429399967E0,-3.747840118E1
1.083752322E1,3.708799744E1,6.990599632E0,-3.741740036E1
1.084752932E1,3.688059998E1,6.526999950E0,-3.711240005E1
1.085753713E1,3.708799744E1,6.710000038E0,-3.751499939E1
1.086752908E1,3.699039841E1,6.136600018E0,-3.740520096E1
1.087752908E1,3.688059998E1,6.905200005E0,-3.702700043E1
1.088752932E1,3.746619797E1,7.185800076E0,-3.720999908E1
1.089752932E1,3.668539810E1,6.526999950E0,-3.712459946E1
1.090751833E1,3.679520035E1,6.990599632E0,-3.753939819E1
1.091752908E1,3.727099991E1,6.807600021E0,-3.730759811E1
1.092751760E1,3.697819901E1,6.807600021E0,-3.731979752E1
1.093752932E1,3.725880051E1,6.441599846E0,-3.689279938E1
1.094751711E1,3.774679947E1,6.539199829E0,-3.657559967E1
1.095751760E1,3.706359863E1,6.343999863E0,-3.690499878E1
1.096751736E1,3.697819901E1,6.990599632E0,-3.722219849E1
1.097752932E1,3.753939819E1,6.258599758E0,-3.657559967E1
1.098751687E1,3.696599960E1,6.722199917E0,-3.672200012E1
1.099752908E1,3.738079834E1,6.710000038E0,-3.750279999E1
1.100751955E1,3.718560028E1,6.892999649E0,-3.761259842E1
1.101751711E1,3.756380081E1,7.100399971E0,-3.690499878E1
1.102752541E1,3.728319931E1,7.002799988E0,-3.730759811E1
1.103752932E1,3.747840118E1,6.905200005E0,-3.750279999E1
1.104752908E1,3.756380081E1,6.624599934E0,-3.718560028E1
1.105751711E1,3.747840118E1,6.892999649E0,-3.760039902E1
1.106752908E1,3.767359924E1,7.088200092E0,-3.750279999E1
1.107752908E1,3.728319931E1,7.088200092E0,-3.741740036E1
1.108752908E1,3.746619797E1,6.539199829E0,-3.699039841E1
1.109751736E1,3.746619797E1,6.807600021E0,-3.719779968E1
1.110752932E1,3.659999847E1,7.173599720E0,-3.745399857E1
1.111751736E1,3.728319931E1,7.002799988E0,-3.730759811E1
1.112752908E1,3.757600021E1,6.612400055E0,-3.758819962E1
1.113751760E1,3.749060059E1,6.795399666E0,-3.779560089E1
1.114752932E1,3.756380081E1,7.100399971E0,-3.700259781E1
1.115752200E1,3.735639954E1,6.539199829E0,-3.679520035E1
1.116752908E1,3.784439850E1,6.929599762E0,-3.658779907E1
1.117751443E1,3.707579803E1,6.526999950E0,-3.711240005E1
1.118751809E1,3.697819901E1,6.526999950E0,-3.731979752E1
1.119751589E1,3.796640015E1,6.429399967E0,-3.746619797E1
1.120752908E1,3.755159760E1,6.734399796E0,-3.668539810E1
1.121752932E1,3.706359863E1,6.526999950E0,-3.690499878E1
1.122752932E1,3.766139984E1,6.722199917E0,-3.699039841E1
1.123752932E1,3.755159760E1,6.441599846E0,-3.688059998E1
1.124752590E1,3.700259781E1,6.502599716E0,-3.801519775E1
1.125752883E1,3.755159760E1,7.014999866E0,-3.679520035E1
1.126752370E1,3.728319931E1,6.807600021E0,-3.750279999E1
1.127752908E1,3.766139984E1,6.539199829E0,-3.708799744E1
1.128751736E1,3.786880112E1,6.526999950E0,-3.736859894E1
1.129752908E1,3.735639954E1,6.441599846E0,-3.689279938E1
1.130751736E1,3.727099991E1,6.526999950E0,-3.729539871E1
1.131752932E1,3.728319931E1,6.331799984E0,-3.760039902E1
1.132751687E1,3.749060059E1,6.514800072E0,-3.799079895E1
1.133752883E1,3.756380081E1,6.343999863E0,-3.728319931E1
1.134751931E1,3.718560028E1,6.234200001E0,-3.769799805E1
1.135752932E1,3.696599960E1,6.624599934E0,-3.681959915E1
1.136751931E1,3.753939819E1,6.075599670E0,-3.647800064E1
1.137752908E1,3.753939819E1,6.075599670E0,-3.647800064E1
1.138752908E1,3.738079834E1,6.612400055E0,-3.739299774E1
1.139752346E1,3.764920044E1,6.636799812E0,-3.678300095E1
1.140752932E1,3.756380081E1,6.624599934E0,-3.708799744E1
1.141752883E1,3.766139984E1,6.148799896E0,-3.717340088E1
1.142752908E1,3.738079834E1,6.807600021E0,-3.750279999E1
1.143751760E1,3.756380081E1,6.063399792E0,-3.717340088E1
1.144752932E1,3.753939819E1,6.075599670E0,-3.647800064E1
1.145751736E1,3.785659790E1,6.441599846E0,-3.717340088E1
1.146752908E1,3.795420074E1,6.441599846E0,-3.706359863E1
1.147751736E1,3.775899887E1,6.526999950E0,-3.717340088E1
1.148752908E1,3.784439850E1,6.356199741E0,-3.686840057E1
1.149751076E1,3.773460007E1,6.075599670E0,-3.636819839E1
1.150752908E1,3.763700104E1,6.831999779E0,-3.639260101E1
1.151752346E1,3.813719940E1,6.734399796E0,-3.656340027E1
1.152752932E1,3.785659790E1,6.343999863E0,-3.717340088E1
1.153752346E1,3.791759872E1,7.124799728E0,-3.597779846E1
1.154752908E1,3.785659790E1,6.343999863E0,-3.696599960E1
1.155753713E1,3.821039963E1,6.563600063E0,-3.605099869E1
1.156752614E1,3.784439850E1,6.734399796E0,-3.678300095E1
1.157752932E1,3.760039902E1,6.417200089E0,-3.828359985E1
1.158751711E1,3.830799866E1,6.466000080E0,-3.584359741E1
1.159752908E1,3.791759872E1,5.990200043E0,-3.605099869E1
1.160751394E1,3.832019806E1,6.746599674E0,-3.614859772E1
1.161752908E1,3.840559769E1,6.661200047E0,-3.584359741E1
1.162751736E1,3.821039963E1,6.466000080E0,-3.595339966E1
1.163752908E1,3.822259903E1,7.027199745E0,-3.616080093E1
1.164751736E1,3.812500000E1,6.368400097E0,-3.614859772E1
